model_id,split,true_label,predicted_label,count
lr_c11_balanced,test,battery,battery,72
lr_c11_balanced,test,battery,biological,0
lr_c11_balanced,test,battery,cardboard,7
lr_c11_balanced,test,battery,clothes,0
lr_c11_balanced,test,battery,glass,6
lr_c11_balanced,test,battery,metal,12
lr_c11_balanced,test,battery,paper,3
lr_c11_balanced,test,battery,plastic,6
lr_c11_balanced,test,battery,shoes,6
lr_c11_balanced,test,battery,trash,1
lr_c11_balanced,test,biological,battery,1
lr_c11_balanced,test,biological,biological,75
lr_c11_balanced,test,biological,cardboard,3
lr_c11_balanced,test,biological,clothes,1
lr_c11_balanced,test,biological,glass,3
lr_c11_balanced,test,biological,metal,2
lr_c11_balanced,test,biological,paper,6
lr_c11_balanced,test,biological,plastic,4
lr_c11_balanced,test,biological,shoes,6
lr_c11_balanced,test,biological,trash,4
lr_c11_balanced,test,cardboard,battery,2
lr_c11_balanced,test,cardboard,biological,6
lr_c11_balanced,test,cardboard,cardboard,153
lr_c11_balanced,test,cardboard,clothes,3
lr_c11_balanced,test,cardboard,glass,10
lr_c11_balanced,test,cardboard,metal,5
lr_c11_balanced,test,cardboard,paper,14
lr_c11_balanced,test,cardboard,plastic,11
lr_c11_balanced,test,cardboard,shoes,4
lr_c11_balanced,test,cardboard,trash,4
lr_c11_balanced,test,clothes,battery,1
lr_c11_balanced,test,clothes,biological,1
lr_c11_balanced,test,clothes,cardboard,6
lr_c11_balanced,test,clothes,clothes,237
lr_c11_balanced,test,clothes,glass,1
lr_c11_balanced,test,clothes,metal,5
lr_c11_balanced,test,clothes,paper,9
lr_c11_balanced,test,clothes,plastic,7
lr_c11_balanced,test,clothes,shoes,9
lr_c11_balanced,test,clothes,trash,8
lr_c11_balanced,test,glass,battery,3
lr_c11_balanced,test,glass,biological,8
lr_c11_balanced,test,glass,cardboard,12
lr_c11_balanced,test,glass,clothes,1
lr_c11_balanced,test,glass,glass,168
lr_c11_balanced,test,glass,metal,15
lr_c11_balanced,test,glass,paper,7
lr_c11_balanced,test,glass,plastic,30
lr_c11_balanced,test,glass,shoes,14
lr_c11_balanced,test,glass,trash,2
lr_c11_balanced,test,metal,battery,7
lr_c11_balanced,test,metal,biological,1
lr_c11_balanced,test,metal,cardboard,5
lr_c11_balanced,test,metal,clothes,2
lr_c11_balanced,test,metal,glass,17
lr_c11_balanced,test,metal,metal,76
lr_c11_balanced,test,metal,paper,6
lr_c11_balanced,test,metal,plastic,12
lr_c11_balanced,test,metal,shoes,9
lr_c11_balanced,test,metal,trash,5
lr_c11_balanced,test,paper,battery,2
lr_c11_balanced,test,paper,biological,4
lr_c11_balanced,test,paper,cardboard,11
lr_c11_balanced,test,paper,clothes,2
lr_c11_balanced,test,paper,glass,11
lr_c11_balanced,test,paper,metal,8
lr_c11_balanced,test,paper,paper,138
lr_c11_balanced,test,paper,plastic,12
lr_c11_balanced,test,paper,shoes,6
lr_c11_balanced,test,paper,trash,6
lr_c11_balanced,test,plastic,battery,5
lr_c11_balanced,test,plastic,biological,1
lr_c11_balanced,test,plastic,cardboard,10
lr_c11_balanced,test,plastic,clothes,10
lr_c11_balanced,test,plastic,glass,26
lr_c11_balanced,test,plastic,metal,13
lr_c11_balanced,test,plastic,paper,12
lr_c11_balanced,test,plastic,plastic,149
lr_c11_balanced,test,plastic,shoes,4
lr_c11_balanced,test,plastic,trash,10
lr_c11_balanced,test,shoes,battery,4
lr_c11_balanced,test,shoes,biological,5
lr_c11_balanced,test,shoes,cardboard,5
lr_c11_balanced,test,shoes,clothes,12
lr_c11_balanced,test,shoes,glass,15
lr_c11_balanced,test,shoes,metal,13
lr_c11_balanced,test,shoes,paper,14
lr_c11_balanced,test,shoes,plastic,3
lr_c11_balanced,test,shoes,shoes,142
lr_c11_balanced,test,shoes,trash,4
lr_c11_balanced,test,trash,battery,2
lr_c11_balanced,test,trash,biological,1
lr_c11_balanced,test,trash,cardboard,4
lr_c11_balanced,test,trash,clothes,2
lr_c11_balanced,test,trash,glass,6
lr_c11_balanced,test,trash,metal,5
lr_c11_balanced,test,trash,paper,7
lr_c11_balanced,test,trash,plastic,3
lr_c11_balanced,test,trash,shoes,3
lr_c11_balanced,test,trash,trash,35
sgd_svm_hct_balanced,test,battery,battery,75
sgd_svm_hct_balanced,test,battery,biological,0
sgd_svm_hct_balanced,test,battery,cardboard,7
sgd_svm_hct_balanced,test,battery,clothes,0
sgd_svm_hct_balanced,test,battery,glass,2
sgd_svm_hct_balanced,test,battery,metal,9
sgd_svm_hct_balanced,test,battery,paper,3
sgd_svm_hct_balanced,test,battery,plastic,10
sgd_svm_hct_balanced,test,battery,shoes,6
sgd_svm_hct_balanced,test,battery,trash,1
sgd_svm_hct_balanced,test,biological,battery,0
sgd_svm_hct_balanced,test,biological,biological,70
sgd_svm_hct_balanced,test,biological,cardboard,1
sgd_svm_hct_balanced,test,biological,clothes,0
sgd_svm_hct_balanced,test,biological,glass,7
sgd_svm_hct_balanced,test,biological,metal,4
sgd_svm_hct_balanced,test,biological,paper,10
sgd_svm_hct_balanced,test,biological,plastic,7
sgd_svm_hct_balanced,test,biological,shoes,2
sgd_svm_hct_balanced,test,biological,trash,4
sgd_svm_hct_balanced,test,cardboard,battery,2
sgd_svm_hct_balanced,test,cardboard,biological,4
sgd_svm_hct_balanced,test,cardboard,cardboard,142
sgd_svm_hct_balanced,test,cardboard,clothes,4
sgd_svm_hct_balanced,test,cardboard,glass,14
sgd_svm_hct_balanced,test,cardboard,metal,5
sgd_svm_hct_balanced,test,cardboard,paper,8
sgd_svm_hct_balanced,test,cardboard,plastic,27
sgd_svm_hct_balanced,test,cardboard,shoes,5
sgd_svm_hct_balanced,test,cardboard,trash,1
sgd_svm_hct_balanced,test,clothes,battery,1
sgd_svm_hct_balanced,test,clothes,biological,5
sgd_svm_hct_balanced,test,clothes,cardboard,3
sgd_svm_hct_balanced,test,clothes,clothes,224
sgd_svm_hct_balanced,test,clothes,glass,4
sgd_svm_hct_balanced,test,clothes,metal,3
sgd_svm_hct_balanced,test,clothes,paper,18
sgd_svm_hct_balanced,test,clothes,plastic,20
sgd_svm_hct_balanced,test,clothes,shoes,5
sgd_svm_hct_balanced,test,clothes,trash,1
sgd_svm_hct_balanced,test,glass,battery,3
sgd_svm_hct_balanced,test,glass,biological,2
sgd_svm_hct_balanced,test,glass,cardboard,17
sgd_svm_hct_balanced,test,glass,clothes,2
sgd_svm_hct_balanced,test,glass,glass,169
sgd_svm_hct_balanced,test,glass,metal,13
sgd_svm_hct_balanced,test,glass,paper,13
sgd_svm_hct_balanced,test,glass,plastic,28
sgd_svm_hct_balanced,test,glass,shoes,10
sgd_svm_hct_balanced,test,glass,trash,3
sgd_svm_hct_balanced,test,metal,battery,8
sgd_svm_hct_balanced,test,metal,biological,2
sgd_svm_hct_balanced,test,metal,cardboard,5
sgd_svm_hct_balanced,test,metal,clothes,3
sgd_svm_hct_balanced,test,metal,glass,21
sgd_svm_hct_balanced,test,metal,metal,66
sgd_svm_hct_balanced,test,metal,paper,16
sgd_svm_hct_balanced,test,metal,plastic,11
sgd_svm_hct_balanced,test,metal,shoes,4
sgd_svm_hct_balanced,test,metal,trash,4
sgd_svm_hct_balanced,test,paper,battery,1
sgd_svm_hct_balanced,test,paper,biological,7
sgd_svm_hct_balanced,test,paper,cardboard,7
sgd_svm_hct_balanced,test,paper,clothes,7
sgd_svm_hct_balanced,test,paper,glass,11
sgd_svm_hct_balanced,test,paper,metal,5
sgd_svm_hct_balanced,test,paper,paper,127
sgd_svm_hct_balanced,test,paper,plastic,20
sgd_svm_hct_balanced,test,paper,shoes,8
sgd_svm_hct_balanced,test,paper,trash,7
sgd_svm_hct_balanced,test,plastic,battery,4
sgd_svm_hct_balanced,test,plastic,biological,1
sgd_svm_hct_balanced,test,plastic,cardboard,11
sgd_svm_hct_balanced,test,plastic,clothes,13
sgd_svm_hct_balanced,test,plastic,glass,27
sgd_svm_hct_balanced,test,plastic,metal,15
sgd_svm_hct_balanced,test,plastic,paper,11
sgd_svm_hct_balanced,test,plastic,plastic,146
sgd_svm_hct_balanced,test,plastic,shoes,1
sgd_svm_hct_balanced,test,plastic,trash,11
sgd_svm_hct_balanced,test,shoes,battery,8
sgd_svm_hct_balanced,test,shoes,biological,13
sgd_svm_hct_balanced,test,shoes,cardboard,3
sgd_svm_hct_balanced,test,shoes,clothes,10
sgd_svm_hct_balanced,test,shoes,glass,13
sgd_svm_hct_balanced,test,shoes,metal,11
sgd_svm_hct_balanced,test,shoes,paper,10
sgd_svm_hct_balanced,test,shoes,plastic,18
sgd_svm_hct_balanced,test,shoes,shoes,126
sgd_svm_hct_balanced,test,shoes,trash,5
sgd_svm_hct_balanced,test,trash,battery,4
sgd_svm_hct_balanced,test,trash,biological,0
sgd_svm_hct_balanced,test,trash,cardboard,2
sgd_svm_hct_balanced,test,trash,clothes,4
sgd_svm_hct_balanced,test,trash,glass,8
sgd_svm_hct_balanced,test,trash,metal,6
sgd_svm_hct_balanced,test,trash,paper,8
sgd_svm_hct_balanced,test,trash,plastic,7
sgd_svm_hct_balanced,test,trash,shoes,4
sgd_svm_hct_balanced,test,trash,trash,25
rf_lowdim_balanced,test,battery,battery,84
rf_lowdim_balanced,test,battery,biological,2
rf_lowdim_balanced,test,battery,cardboard,3
rf_lowdim_balanced,test,battery,clothes,2
rf_lowdim_balanced,test,battery,glass,6
rf_lowdim_balanced,test,battery,metal,1
rf_lowdim_balanced,test,battery,paper,5
rf_lowdim_balanced,test,battery,plastic,3
rf_lowdim_balanced,test,battery,shoes,7
rf_lowdim_balanced,test,battery,trash,0
rf_lowdim_balanced,test,biological,battery,0
rf_lowdim_balanced,test,biological,biological,74
rf_lowdim_balanced,test,biological,cardboard,3
rf_lowdim_balanced,test,biological,clothes,6
rf_lowdim_balanced,test,biological,glass,4
rf_lowdim_balanced,test,biological,metal,0
rf_lowdim_balanced,test,biological,paper,7
rf_lowdim_balanced,test,biological,plastic,1
rf_lowdim_balanced,test,biological,shoes,8
rf_lowdim_balanced,test,biological,trash,2
rf_lowdim_balanced,test,cardboard,battery,0
rf_lowdim_balanced,test,cardboard,biological,12
rf_lowdim_balanced,test,cardboard,cardboard,165
rf_lowdim_balanced,test,cardboard,clothes,9
rf_lowdim_balanced,test,cardboard,glass,3
rf_lowdim_balanced,test,cardboard,metal,1
rf_lowdim_balanced,test,cardboard,paper,5
rf_lowdim_balanced,test,cardboard,plastic,12
rf_lowdim_balanced,test,cardboard,shoes,5
rf_lowdim_balanced,test,cardboard,trash,0
rf_lowdim_balanced,test,clothes,battery,0
rf_lowdim_balanced,test,clothes,biological,2
rf_lowdim_balanced,test,clothes,cardboard,3
rf_lowdim_balanced,test,clothes,clothes,254
rf_lowdim_balanced,test,clothes,glass,1
rf_lowdim_balanced,test,clothes,metal,2
rf_lowdim_balanced,test,clothes,paper,6
rf_lowdim_balanced,test,clothes,plastic,4
rf_lowdim_balanced,test,clothes,shoes,12
rf_lowdim_balanced,test,clothes,trash,0
rf_lowdim_balanced,test,glass,battery,3
rf_lowdim_balanced,test,glass,biological,6
rf_lowdim_balanced,test,glass,cardboard,4
rf_lowdim_balanced,test,glass,clothes,16
rf_lowdim_balanced,test,glass,glass,188
rf_lowdim_balanced,test,glass,metal,2
rf_lowdim_balanced,test,glass,paper,12
rf_lowdim_balanced,test,glass,plastic,13
rf_lowdim_balanced,test,glass,shoes,15
rf_lowdim_balanced,test,glass,trash,1
rf_lowdim_balanced,test,metal,battery,7
rf_lowdim_balanced,test,metal,biological,4
rf_lowdim_balanced,test,metal,cardboard,11
rf_lowdim_balanced,test,metal,clothes,5
rf_lowdim_balanced,test,metal,glass,12
rf_lowdim_balanced,test,metal,metal,81
rf_lowdim_balanced,test,metal,paper,7
rf_lowdim_balanced,test,metal,plastic,5
rf_lowdim_balanced,test,metal,shoes,7
rf_lowdim_balanced,test,metal,trash,1
rf_lowdim_balanced,test,paper,battery,2
rf_lowdim_balanced,test,paper,biological,5
rf_lowdim_balanced,test,paper,cardboard,13
rf_lowdim_balanced,test,paper,clothes,21
rf_lowdim_balanced,test,paper,glass,9
rf_lowdim_balanced,test,paper,metal,3
rf_lowdim_balanced,test,paper,paper,128
rf_lowdim_balanced,test,paper,plastic,5
rf_lowdim_balanced,test,paper,shoes,14
rf_lowdim_balanced,test,paper,trash,0
rf_lowdim_balanced,test,plastic,battery,5
rf_lowdim_balanced,test,plastic,biological,2
rf_lowdim_balanced,test,plastic,cardboard,16
rf_lowdim_balanced,test,plastic,clothes,29
rf_lowdim_balanced,test,plastic,glass,30
rf_lowdim_balanced,test,plastic,metal,5
rf_lowdim_balanced,test,plastic,paper,12
rf_lowdim_balanced,test,plastic,plastic,136
rf_lowdim_balanced,test,plastic,shoes,1
rf_lowdim_balanced,test,plastic,trash,4
rf_lowdim_balanced,test,shoes,battery,12
rf_lowdim_balanced,test,shoes,biological,8
rf_lowdim_balanced,test,shoes,cardboard,3
rf_lowdim_balanced,test,shoes,clothes,27
rf_lowdim_balanced,test,shoes,glass,7
rf_lowdim_balanced,test,shoes,metal,2
rf_lowdim_balanced,test,shoes,paper,5
rf_lowdim_balanced,test,shoes,plastic,7
rf_lowdim_balanced,test,shoes,shoes,145
rf_lowdim_balanced,test,shoes,trash,1
rf_lowdim_balanced,test,trash,battery,2
rf_lowdim_balanced,test,trash,biological,0
rf_lowdim_balanced,test,trash,cardboard,1
rf_lowdim_balanced,test,trash,clothes,5
rf_lowdim_balanced,test,trash,glass,4
rf_lowdim_balanced,test,trash,metal,6
rf_lowdim_balanced,test,trash,paper,0
rf_lowdim_balanced,test,trash,plastic,9
rf_lowdim_balanced,test,trash,shoes,2
rf_lowdim_balanced,test,trash,trash,39
knn_compact_gist_texture_shape,test,battery,battery,61
knn_compact_gist_texture_shape,test,battery,biological,3
knn_compact_gist_texture_shape,test,battery,cardboard,21
knn_compact_gist_texture_shape,test,battery,clothes,1
knn_compact_gist_texture_shape,test,battery,glass,6
knn_compact_gist_texture_shape,test,battery,metal,2
knn_compact_gist_texture_shape,test,battery,paper,4
knn_compact_gist_texture_shape,test,battery,plastic,2
knn_compact_gist_texture_shape,test,battery,shoes,11
knn_compact_gist_texture_shape,test,battery,trash,2
knn_compact_gist_texture_shape,test,biological,battery,1
knn_compact_gist_texture_shape,test,biological,biological,53
knn_compact_gist_texture_shape,test,biological,cardboard,3
knn_compact_gist_texture_shape,test,biological,clothes,10
knn_compact_gist_texture_shape,test,biological,glass,8
knn_compact_gist_texture_shape,test,biological,metal,1
knn_compact_gist_texture_shape,test,biological,paper,14
knn_compact_gist_texture_shape,test,biological,plastic,3
knn_compact_gist_texture_shape,test,biological,shoes,7
knn_compact_gist_texture_shape,test,biological,trash,5
knn_compact_gist_texture_shape,test,cardboard,battery,2
knn_compact_gist_texture_shape,test,cardboard,biological,5
knn_compact_gist_texture_shape,test,cardboard,cardboard,118
knn_compact_gist_texture_shape,test,cardboard,clothes,20
knn_compact_gist_texture_shape,test,cardboard,glass,14
knn_compact_gist_texture_shape,test,cardboard,metal,3
knn_compact_gist_texture_shape,test,cardboard,paper,13
knn_compact_gist_texture_shape,test,cardboard,plastic,25
knn_compact_gist_texture_shape,test,cardboard,shoes,10
knn_compact_gist_texture_shape,test,cardboard,trash,2
knn_compact_gist_texture_shape,test,clothes,battery,1
knn_compact_gist_texture_shape,test,clothes,biological,4
knn_compact_gist_texture_shape,test,clothes,cardboard,4
knn_compact_gist_texture_shape,test,clothes,clothes,252
knn_compact_gist_texture_shape,test,clothes,glass,1
knn_compact_gist_texture_shape,test,clothes,metal,2
knn_compact_gist_texture_shape,test,clothes,paper,5
knn_compact_gist_texture_shape,test,clothes,plastic,9
knn_compact_gist_texture_shape,test,clothes,shoes,6
knn_compact_gist_texture_shape,test,clothes,trash,0
knn_compact_gist_texture_shape,test,glass,battery,0
knn_compact_gist_texture_shape,test,glass,biological,6
knn_compact_gist_texture_shape,test,glass,cardboard,5
knn_compact_gist_texture_shape,test,glass,clothes,32
knn_compact_gist_texture_shape,test,glass,glass,131
knn_compact_gist_texture_shape,test,glass,metal,11
knn_compact_gist_texture_shape,test,glass,paper,14
knn_compact_gist_texture_shape,test,glass,plastic,44
knn_compact_gist_texture_shape,test,glass,shoes,15
knn_compact_gist_texture_shape,test,glass,trash,2
knn_compact_gist_texture_shape,test,metal,battery,4
knn_compact_gist_texture_shape,test,metal,biological,8
knn_compact_gist_texture_shape,test,metal,cardboard,11
knn_compact_gist_texture_shape,test,metal,clothes,11
knn_compact_gist_texture_shape,test,metal,glass,22
knn_compact_gist_texture_shape,test,metal,metal,37
knn_compact_gist_texture_shape,test,metal,paper,11
knn_compact_gist_texture_shape,test,metal,plastic,20
knn_compact_gist_texture_shape,test,metal,shoes,14
knn_compact_gist_texture_shape,test,metal,trash,2
knn_compact_gist_texture_shape,test,paper,battery,1
knn_compact_gist_texture_shape,test,paper,biological,13
knn_compact_gist_texture_shape,test,paper,cardboard,8
knn_compact_gist_texture_shape,test,paper,clothes,25
knn_compact_gist_texture_shape,test,paper,glass,9
knn_compact_gist_texture_shape,test,paper,metal,8
knn_compact_gist_texture_shape,test,paper,paper,108
knn_compact_gist_texture_shape,test,paper,plastic,16
knn_compact_gist_texture_shape,test,paper,shoes,6
knn_compact_gist_texture_shape,test,paper,trash,6
knn_compact_gist_texture_shape,test,plastic,battery,3
knn_compact_gist_texture_shape,test,plastic,biological,4
knn_compact_gist_texture_shape,test,plastic,cardboard,16
knn_compact_gist_texture_shape,test,plastic,clothes,44
knn_compact_gist_texture_shape,test,plastic,glass,25
knn_compact_gist_texture_shape,test,plastic,metal,8
knn_compact_gist_texture_shape,test,plastic,paper,14
knn_compact_gist_texture_shape,test,plastic,plastic,117
knn_compact_gist_texture_shape,test,plastic,shoes,5
knn_compact_gist_texture_shape,test,plastic,trash,4
knn_compact_gist_texture_shape,test,shoes,battery,1
knn_compact_gist_texture_shape,test,shoes,biological,16
knn_compact_gist_texture_shape,test,shoes,cardboard,6
knn_compact_gist_texture_shape,test,shoes,clothes,29
knn_compact_gist_texture_shape,test,shoes,glass,10
knn_compact_gist_texture_shape,test,shoes,metal,3
knn_compact_gist_texture_shape,test,shoes,paper,8
knn_compact_gist_texture_shape,test,shoes,plastic,18
knn_compact_gist_texture_shape,test,shoes,shoes,123
knn_compact_gist_texture_shape,test,shoes,trash,3
knn_compact_gist_texture_shape,test,trash,battery,0
knn_compact_gist_texture_shape,test,trash,biological,1
knn_compact_gist_texture_shape,test,trash,cardboard,5
knn_compact_gist_texture_shape,test,trash,clothes,6
knn_compact_gist_texture_shape,test,trash,glass,5
knn_compact_gist_texture_shape,test,trash,metal,2
knn_compact_gist_texture_shape,test,trash,paper,4
knn_compact_gist_texture_shape,test,trash,plastic,9
knn_compact_gist_texture_shape,test,trash,shoes,1
knn_compact_gist_texture_shape,test,trash,trash,35
lgbm_small_hct_sqrt,test,battery,battery,91
lgbm_small_hct_sqrt,test,battery,biological,1
lgbm_small_hct_sqrt,test,battery,cardboard,2
lgbm_small_hct_sqrt,test,battery,clothes,1
lgbm_small_hct_sqrt,test,battery,glass,4
lgbm_small_hct_sqrt,test,battery,metal,4
lgbm_small_hct_sqrt,test,battery,paper,2
lgbm_small_hct_sqrt,test,battery,plastic,3
lgbm_small_hct_sqrt,test,battery,shoes,5
lgbm_small_hct_sqrt,test,battery,trash,0
lgbm_small_hct_sqrt,test,biological,battery,0
lgbm_small_hct_sqrt,test,biological,biological,84
lgbm_small_hct_sqrt,test,biological,cardboard,0
lgbm_small_hct_sqrt,test,biological,clothes,2
lgbm_small_hct_sqrt,test,biological,glass,2
lgbm_small_hct_sqrt,test,biological,metal,4
lgbm_small_hct_sqrt,test,biological,paper,6
lgbm_small_hct_sqrt,test,biological,plastic,3
lgbm_small_hct_sqrt,test,biological,shoes,2
lgbm_small_hct_sqrt,test,biological,trash,2
lgbm_small_hct_sqrt,test,cardboard,battery,0
lgbm_small_hct_sqrt,test,cardboard,biological,3
lgbm_small_hct_sqrt,test,cardboard,cardboard,175
lgbm_small_hct_sqrt,test,cardboard,clothes,2
lgbm_small_hct_sqrt,test,cardboard,glass,2
lgbm_small_hct_sqrt,test,cardboard,metal,1
lgbm_small_hct_sqrt,test,cardboard,paper,5
lgbm_small_hct_sqrt,test,cardboard,plastic,18
lgbm_small_hct_sqrt,test,cardboard,shoes,6
lgbm_small_hct_sqrt,test,cardboard,trash,0
lgbm_small_hct_sqrt,test,clothes,battery,1
lgbm_small_hct_sqrt,test,clothes,biological,2
lgbm_small_hct_sqrt,test,clothes,cardboard,1
lgbm_small_hct_sqrt,test,clothes,clothes,265
lgbm_small_hct_sqrt,test,clothes,glass,1
lgbm_small_hct_sqrt,test,clothes,metal,1
lgbm_small_hct_sqrt,test,clothes,paper,0
lgbm_small_hct_sqrt,test,clothes,plastic,4
lgbm_small_hct_sqrt,test,clothes,shoes,9
lgbm_small_hct_sqrt,test,clothes,trash,0
lgbm_small_hct_sqrt,test,glass,battery,1
lgbm_small_hct_sqrt,test,glass,biological,3
lgbm_small_hct_sqrt,test,glass,cardboard,7
lgbm_small_hct_sqrt,test,glass,clothes,1
lgbm_small_hct_sqrt,test,glass,glass,211
lgbm_small_hct_sqrt,test,glass,metal,5
lgbm_small_hct_sqrt,test,glass,paper,9
lgbm_small_hct_sqrt,test,glass,plastic,15
lgbm_small_hct_sqrt,test,glass,shoes,7
lgbm_small_hct_sqrt,test,glass,trash,1
lgbm_small_hct_sqrt,test,metal,battery,4
lgbm_small_hct_sqrt,test,metal,biological,1
lgbm_small_hct_sqrt,test,metal,cardboard,7
lgbm_small_hct_sqrt,test,metal,clothes,4
lgbm_small_hct_sqrt,test,metal,glass,8
lgbm_small_hct_sqrt,test,metal,metal,100
lgbm_small_hct_sqrt,test,metal,paper,5
lgbm_small_hct_sqrt,test,metal,plastic,3
lgbm_small_hct_sqrt,test,metal,shoes,8
lgbm_small_hct_sqrt,test,metal,trash,0
lgbm_small_hct_sqrt,test,paper,battery,1
lgbm_small_hct_sqrt,test,paper,biological,2
lgbm_small_hct_sqrt,test,paper,cardboard,7
lgbm_small_hct_sqrt,test,paper,clothes,9
lgbm_small_hct_sqrt,test,paper,glass,6
lgbm_small_hct_sqrt,test,paper,metal,2
lgbm_small_hct_sqrt,test,paper,paper,152
lgbm_small_hct_sqrt,test,paper,plastic,7
lgbm_small_hct_sqrt,test,paper,shoes,13
lgbm_small_hct_sqrt,test,paper,trash,1
lgbm_small_hct_sqrt,test,plastic,battery,5
lgbm_small_hct_sqrt,test,plastic,biological,2
lgbm_small_hct_sqrt,test,plastic,cardboard,5
lgbm_small_hct_sqrt,test,plastic,clothes,9
lgbm_small_hct_sqrt,test,plastic,glass,22
lgbm_small_hct_sqrt,test,plastic,metal,11
lgbm_small_hct_sqrt,test,plastic,paper,9
lgbm_small_hct_sqrt,test,plastic,plastic,175
lgbm_small_hct_sqrt,test,plastic,shoes,0
lgbm_small_hct_sqrt,test,plastic,trash,2
lgbm_small_hct_sqrt,test,shoes,battery,5
lgbm_small_hct_sqrt,test,shoes,biological,5
lgbm_small_hct_sqrt,test,shoes,cardboard,2
lgbm_small_hct_sqrt,test,shoes,clothes,10
lgbm_small_hct_sqrt,test,shoes,glass,2
lgbm_small_hct_sqrt,test,shoes,metal,3
lgbm_small_hct_sqrt,test,shoes,paper,10
lgbm_small_hct_sqrt,test,shoes,plastic,6
lgbm_small_hct_sqrt,test,shoes,shoes,174
lgbm_small_hct_sqrt,test,shoes,trash,0
lgbm_small_hct_sqrt,test,trash,battery,1
lgbm_small_hct_sqrt,test,trash,biological,0
lgbm_small_hct_sqrt,test,trash,cardboard,2
lgbm_small_hct_sqrt,test,trash,clothes,2
lgbm_small_hct_sqrt,test,trash,glass,5
lgbm_small_hct_sqrt,test,trash,metal,4
lgbm_small_hct_sqrt,test,trash,paper,2
lgbm_small_hct_sqrt,test,trash,plastic,9
lgbm_small_hct_sqrt,test,trash,shoes,1
lgbm_small_hct_sqrt,test,trash,trash,42
lgbm_anchor_c11_sqrt,test,battery,battery,91
lgbm_anchor_c11_sqrt,test,battery,biological,0
lgbm_anchor_c11_sqrt,test,battery,cardboard,3
lgbm_anchor_c11_sqrt,test,battery,clothes,0
lgbm_anchor_c11_sqrt,test,battery,glass,6
lgbm_anchor_c11_sqrt,test,battery,metal,9
lgbm_anchor_c11_sqrt,test,battery,paper,0
lgbm_anchor_c11_sqrt,test,battery,plastic,1
lgbm_anchor_c11_sqrt,test,battery,shoes,2
lgbm_anchor_c11_sqrt,test,battery,trash,1
lgbm_anchor_c11_sqrt,test,biological,battery,1
lgbm_anchor_c11_sqrt,test,biological,biological,83
lgbm_anchor_c11_sqrt,test,biological,cardboard,0
lgbm_anchor_c11_sqrt,test,biological,clothes,3
lgbm_anchor_c11_sqrt,test,biological,glass,3
lgbm_anchor_c11_sqrt,test,biological,metal,2
lgbm_anchor_c11_sqrt,test,biological,paper,5
lgbm_anchor_c11_sqrt,test,biological,plastic,6
lgbm_anchor_c11_sqrt,test,biological,shoes,0
lgbm_anchor_c11_sqrt,test,biological,trash,2
lgbm_anchor_c11_sqrt,test,cardboard,battery,0
lgbm_anchor_c11_sqrt,test,cardboard,biological,4
lgbm_anchor_c11_sqrt,test,cardboard,cardboard,177
lgbm_anchor_c11_sqrt,test,cardboard,clothes,3
lgbm_anchor_c11_sqrt,test,cardboard,glass,2
lgbm_anchor_c11_sqrt,test,cardboard,metal,3
lgbm_anchor_c11_sqrt,test,cardboard,paper,7
lgbm_anchor_c11_sqrt,test,cardboard,plastic,10
lgbm_anchor_c11_sqrt,test,cardboard,shoes,6
lgbm_anchor_c11_sqrt,test,cardboard,trash,0
lgbm_anchor_c11_sqrt,test,clothes,battery,1
lgbm_anchor_c11_sqrt,test,clothes,biological,2
lgbm_anchor_c11_sqrt,test,clothes,cardboard,3
lgbm_anchor_c11_sqrt,test,clothes,clothes,261
lgbm_anchor_c11_sqrt,test,clothes,glass,1
lgbm_anchor_c11_sqrt,test,clothes,metal,1
lgbm_anchor_c11_sqrt,test,clothes,paper,5
lgbm_anchor_c11_sqrt,test,clothes,plastic,3
lgbm_anchor_c11_sqrt,test,clothes,shoes,7
lgbm_anchor_c11_sqrt,test,clothes,trash,0
lgbm_anchor_c11_sqrt,test,glass,battery,1
lgbm_anchor_c11_sqrt,test,glass,biological,4
lgbm_anchor_c11_sqrt,test,glass,cardboard,5
lgbm_anchor_c11_sqrt,test,glass,clothes,2
lgbm_anchor_c11_sqrt,test,glass,glass,216
lgbm_anchor_c11_sqrt,test,glass,metal,4
lgbm_anchor_c11_sqrt,test,glass,paper,4
lgbm_anchor_c11_sqrt,test,glass,plastic,17
lgbm_anchor_c11_sqrt,test,glass,shoes,7
lgbm_anchor_c11_sqrt,test,glass,trash,0
lgbm_anchor_c11_sqrt,test,metal,battery,6
lgbm_anchor_c11_sqrt,test,metal,biological,1
lgbm_anchor_c11_sqrt,test,metal,cardboard,7
lgbm_anchor_c11_sqrt,test,metal,clothes,5
lgbm_anchor_c11_sqrt,test,metal,glass,8
lgbm_anchor_c11_sqrt,test,metal,metal,100
lgbm_anchor_c11_sqrt,test,metal,paper,3
lgbm_anchor_c11_sqrt,test,metal,plastic,6
lgbm_anchor_c11_sqrt,test,metal,shoes,4
lgbm_anchor_c11_sqrt,test,metal,trash,0
lgbm_anchor_c11_sqrt,test,paper,battery,0
lgbm_anchor_c11_sqrt,test,paper,biological,3
lgbm_anchor_c11_sqrt,test,paper,cardboard,7
lgbm_anchor_c11_sqrt,test,paper,clothes,7
lgbm_anchor_c11_sqrt,test,paper,glass,7
lgbm_anchor_c11_sqrt,test,paper,metal,1
lgbm_anchor_c11_sqrt,test,paper,paper,162
lgbm_anchor_c11_sqrt,test,paper,plastic,4
lgbm_anchor_c11_sqrt,test,paper,shoes,9
lgbm_anchor_c11_sqrt,test,paper,trash,0
lgbm_anchor_c11_sqrt,test,plastic,battery,4
lgbm_anchor_c11_sqrt,test,plastic,biological,3
lgbm_anchor_c11_sqrt,test,plastic,cardboard,8
lgbm_anchor_c11_sqrt,test,plastic,clothes,5
lgbm_anchor_c11_sqrt,test,plastic,glass,19
lgbm_anchor_c11_sqrt,test,plastic,metal,9
lgbm_anchor_c11_sqrt,test,plastic,paper,12
lgbm_anchor_c11_sqrt,test,plastic,plastic,176
lgbm_anchor_c11_sqrt,test,plastic,shoes,2
lgbm_anchor_c11_sqrt,test,plastic,trash,2
lgbm_anchor_c11_sqrt,test,shoes,battery,2
lgbm_anchor_c11_sqrt,test,shoes,biological,4
lgbm_anchor_c11_sqrt,test,shoes,cardboard,2
lgbm_anchor_c11_sqrt,test,shoes,clothes,7
lgbm_anchor_c11_sqrt,test,shoes,glass,1
lgbm_anchor_c11_sqrt,test,shoes,metal,5
lgbm_anchor_c11_sqrt,test,shoes,paper,8
lgbm_anchor_c11_sqrt,test,shoes,plastic,4
lgbm_anchor_c11_sqrt,test,shoes,shoes,184
lgbm_anchor_c11_sqrt,test,shoes,trash,0
lgbm_anchor_c11_sqrt,test,trash,battery,2
lgbm_anchor_c11_sqrt,test,trash,biological,0
lgbm_anchor_c11_sqrt,test,trash,cardboard,1
lgbm_anchor_c11_sqrt,test,trash,clothes,1
lgbm_anchor_c11_sqrt,test,trash,glass,6
lgbm_anchor_c11_sqrt,test,trash,metal,7
lgbm_anchor_c11_sqrt,test,trash,paper,2
lgbm_anchor_c11_sqrt,test,trash,plastic,7
lgbm_anchor_c11_sqrt,test,trash,shoes,3
lgbm_anchor_c11_sqrt,test,trash,trash,39
final_stack_small_plus_lgbm_anchor,test,battery,battery,93
final_stack_small_plus_lgbm_anchor,test,battery,biological,0
final_stack_small_plus_lgbm_anchor,test,battery,cardboard,3
final_stack_small_plus_lgbm_anchor,test,battery,clothes,0
final_stack_small_plus_lgbm_anchor,test,battery,glass,7
final_stack_small_plus_lgbm_anchor,test,battery,metal,6
final_stack_small_plus_lgbm_anchor,test,battery,paper,1
final_stack_small_plus_lgbm_anchor,test,battery,plastic,0
final_stack_small_plus_lgbm_anchor,test,battery,shoes,2
final_stack_small_plus_lgbm_anchor,test,battery,trash,1
final_stack_small_plus_lgbm_anchor,test,biological,battery,0
final_stack_small_plus_lgbm_anchor,test,biological,biological,84
final_stack_small_plus_lgbm_anchor,test,biological,cardboard,0
final_stack_small_plus_lgbm_anchor,test,biological,clothes,2
final_stack_small_plus_lgbm_anchor,test,biological,glass,3
final_stack_small_plus_lgbm_anchor,test,biological,metal,2
final_stack_small_plus_lgbm_anchor,test,biological,paper,6
final_stack_small_plus_lgbm_anchor,test,biological,plastic,4
final_stack_small_plus_lgbm_anchor,test,biological,shoes,2
final_stack_small_plus_lgbm_anchor,test,biological,trash,2
final_stack_small_plus_lgbm_anchor,test,cardboard,battery,0
final_stack_small_plus_lgbm_anchor,test,cardboard,biological,3
final_stack_small_plus_lgbm_anchor,test,cardboard,cardboard,176
final_stack_small_plus_lgbm_anchor,test,cardboard,clothes,3
final_stack_small_plus_lgbm_anchor,test,cardboard,glass,2
final_stack_small_plus_lgbm_anchor,test,cardboard,metal,5
final_stack_small_plus_lgbm_anchor,test,cardboard,paper,5
final_stack_small_plus_lgbm_anchor,test,cardboard,plastic,13
final_stack_small_plus_lgbm_anchor,test,cardboard,shoes,5
final_stack_small_plus_lgbm_anchor,test,cardboard,trash,0
final_stack_small_plus_lgbm_anchor,test,clothes,battery,1
final_stack_small_plus_lgbm_anchor,test,clothes,biological,1
final_stack_small_plus_lgbm_anchor,test,clothes,cardboard,2
final_stack_small_plus_lgbm_anchor,test,clothes,clothes,268
final_stack_small_plus_lgbm_anchor,test,clothes,glass,0
final_stack_small_plus_lgbm_anchor,test,clothes,metal,1
final_stack_small_plus_lgbm_anchor,test,clothes,paper,1
final_stack_small_plus_lgbm_anchor,test,clothes,plastic,3
final_stack_small_plus_lgbm_anchor,test,clothes,shoes,7
final_stack_small_plus_lgbm_anchor,test,clothes,trash,0
final_stack_small_plus_lgbm_anchor,test,glass,battery,2
final_stack_small_plus_lgbm_anchor,test,glass,biological,4
final_stack_small_plus_lgbm_anchor,test,glass,cardboard,3
final_stack_small_plus_lgbm_anchor,test,glass,clothes,1
final_stack_small_plus_lgbm_anchor,test,glass,glass,219
final_stack_small_plus_lgbm_anchor,test,glass,metal,3
final_stack_small_plus_lgbm_anchor,test,glass,paper,3
final_stack_small_plus_lgbm_anchor,test,glass,plastic,15
final_stack_small_plus_lgbm_anchor,test,glass,shoes,9
final_stack_small_plus_lgbm_anchor,test,glass,trash,1
final_stack_small_plus_lgbm_anchor,test,metal,battery,5
final_stack_small_plus_lgbm_anchor,test,metal,biological,1
final_stack_small_plus_lgbm_anchor,test,metal,cardboard,7
final_stack_small_plus_lgbm_anchor,test,metal,clothes,1
final_stack_small_plus_lgbm_anchor,test,metal,glass,4
final_stack_small_plus_lgbm_anchor,test,metal,metal,110
final_stack_small_plus_lgbm_anchor,test,metal,paper,4
final_stack_small_plus_lgbm_anchor,test,metal,plastic,5
final_stack_small_plus_lgbm_anchor,test,metal,shoes,3
final_stack_small_plus_lgbm_anchor,test,metal,trash,0
final_stack_small_plus_lgbm_anchor,test,paper,battery,1
final_stack_small_plus_lgbm_anchor,test,paper,biological,2
final_stack_small_plus_lgbm_anchor,test,paper,cardboard,6
final_stack_small_plus_lgbm_anchor,test,paper,clothes,7
final_stack_small_plus_lgbm_anchor,test,paper,glass,4
final_stack_small_plus_lgbm_anchor,test,paper,metal,1
final_stack_small_plus_lgbm_anchor,test,paper,paper,164
final_stack_small_plus_lgbm_anchor,test,paper,plastic,5
final_stack_small_plus_lgbm_anchor,test,paper,shoes,9
final_stack_small_plus_lgbm_anchor,test,paper,trash,1
final_stack_small_plus_lgbm_anchor,test,plastic,battery,7
final_stack_small_plus_lgbm_anchor,test,plastic,biological,2
final_stack_small_plus_lgbm_anchor,test,plastic,cardboard,8
final_stack_small_plus_lgbm_anchor,test,plastic,clothes,4
final_stack_small_plus_lgbm_anchor,test,plastic,glass,24
final_stack_small_plus_lgbm_anchor,test,plastic,metal,8
final_stack_small_plus_lgbm_anchor,test,plastic,paper,8
final_stack_small_plus_lgbm_anchor,test,plastic,plastic,176
final_stack_small_plus_lgbm_anchor,test,plastic,shoes,1
final_stack_small_plus_lgbm_anchor,test,plastic,trash,2
final_stack_small_plus_lgbm_anchor,test,shoes,battery,2
final_stack_small_plus_lgbm_anchor,test,shoes,biological,4
final_stack_small_plus_lgbm_anchor,test,shoes,cardboard,0
final_stack_small_plus_lgbm_anchor,test,shoes,clothes,8
final_stack_small_plus_lgbm_anchor,test,shoes,glass,2
final_stack_small_plus_lgbm_anchor,test,shoes,metal,6
final_stack_small_plus_lgbm_anchor,test,shoes,paper,8
final_stack_small_plus_lgbm_anchor,test,shoes,plastic,3
final_stack_small_plus_lgbm_anchor,test,shoes,shoes,184
final_stack_small_plus_lgbm_anchor,test,shoes,trash,0
final_stack_small_plus_lgbm_anchor,test,trash,battery,2
final_stack_small_plus_lgbm_anchor,test,trash,biological,0
final_stack_small_plus_lgbm_anchor,test,trash,cardboard,2
final_stack_small_plus_lgbm_anchor,test,trash,clothes,1
final_stack_small_plus_lgbm_anchor,test,trash,glass,4
final_stack_small_plus_lgbm_anchor,test,trash,metal,8
final_stack_small_plus_lgbm_anchor,test,trash,paper,3
final_stack_small_plus_lgbm_anchor,test,trash,plastic,5
final_stack_small_plus_lgbm_anchor,test,trash,shoes,2
final_stack_small_plus_lgbm_anchor,test,trash,trash,41
final_stack_small_only,test,battery,battery,88
final_stack_small_only,test,battery,biological,0
final_stack_small_only,test,battery,cardboard,2
final_stack_small_only,test,battery,clothes,0
final_stack_small_only,test,battery,glass,5
final_stack_small_only,test,battery,metal,8
final_stack_small_only,test,battery,paper,2
final_stack_small_only,test,battery,plastic,1
final_stack_small_only,test,battery,shoes,6
final_stack_small_only,test,battery,trash,1
final_stack_small_only,test,biological,battery,0
final_stack_small_only,test,biological,biological,83
final_stack_small_only,test,biological,cardboard,0
final_stack_small_only,test,biological,clothes,2
final_stack_small_only,test,biological,glass,3
final_stack_small_only,test,biological,metal,3
final_stack_small_only,test,biological,paper,5
final_stack_small_only,test,biological,plastic,3
final_stack_small_only,test,biological,shoes,3
final_stack_small_only,test,biological,trash,3
final_stack_small_only,test,cardboard,battery,1
final_stack_small_only,test,cardboard,biological,4
final_stack_small_only,test,cardboard,cardboard,177
final_stack_small_only,test,cardboard,clothes,2
final_stack_small_only,test,cardboard,glass,2
final_stack_small_only,test,cardboard,metal,2
final_stack_small_only,test,cardboard,paper,4
final_stack_small_only,test,cardboard,plastic,15
final_stack_small_only,test,cardboard,shoes,5
final_stack_small_only,test,cardboard,trash,0
final_stack_small_only,test,clothes,battery,0
final_stack_small_only,test,clothes,biological,1
final_stack_small_only,test,clothes,cardboard,2
final_stack_small_only,test,clothes,clothes,266
final_stack_small_only,test,clothes,glass,0
final_stack_small_only,test,clothes,metal,2
final_stack_small_only,test,clothes,paper,2
final_stack_small_only,test,clothes,plastic,4
final_stack_small_only,test,clothes,shoes,7
final_stack_small_only,test,clothes,trash,0
final_stack_small_only,test,glass,battery,3
final_stack_small_only,test,glass,biological,5
final_stack_small_only,test,glass,cardboard,2
final_stack_small_only,test,glass,clothes,1
final_stack_small_only,test,glass,glass,216
final_stack_small_only,test,glass,metal,3
final_stack_small_only,test,glass,paper,2
final_stack_small_only,test,glass,plastic,14
final_stack_small_only,test,glass,shoes,11
final_stack_small_only,test,glass,trash,3
final_stack_small_only,test,metal,battery,7
final_stack_small_only,test,metal,biological,0
final_stack_small_only,test,metal,cardboard,5
final_stack_small_only,test,metal,clothes,1
final_stack_small_only,test,metal,glass,3
final_stack_small_only,test,metal,metal,111
final_stack_small_only,test,metal,paper,2
final_stack_small_only,test,metal,plastic,6
final_stack_small_only,test,metal,shoes,5
final_stack_small_only,test,metal,trash,0
final_stack_small_only,test,paper,battery,1
final_stack_small_only,test,paper,biological,2
final_stack_small_only,test,paper,cardboard,8
final_stack_small_only,test,paper,clothes,9
final_stack_small_only,test,paper,glass,2
final_stack_small_only,test,paper,metal,1
final_stack_small_only,test,paper,paper,159
final_stack_small_only,test,paper,plastic,7
final_stack_small_only,test,paper,shoes,10
final_stack_small_only,test,paper,trash,1
final_stack_small_only,test,plastic,battery,7
final_stack_small_only,test,plastic,biological,3
final_stack_small_only,test,plastic,cardboard,7
final_stack_small_only,test,plastic,clothes,6
final_stack_small_only,test,plastic,glass,19
final_stack_small_only,test,plastic,metal,12
final_stack_small_only,test,plastic,paper,6
final_stack_small_only,test,plastic,plastic,176
final_stack_small_only,test,plastic,shoes,1
final_stack_small_only,test,plastic,trash,3
final_stack_small_only,test,shoes,battery,6
final_stack_small_only,test,shoes,biological,4
final_stack_small_only,test,shoes,cardboard,0
final_stack_small_only,test,shoes,clothes,7
final_stack_small_only,test,shoes,glass,3
final_stack_small_only,test,shoes,metal,5
final_stack_small_only,test,shoes,paper,7
final_stack_small_only,test,shoes,plastic,4
final_stack_small_only,test,shoes,shoes,181
final_stack_small_only,test,shoes,trash,0
final_stack_small_only,test,trash,battery,3
final_stack_small_only,test,trash,biological,0
final_stack_small_only,test,trash,cardboard,2
final_stack_small_only,test,trash,clothes,1
final_stack_small_only,test,trash,glass,1
final_stack_small_only,test,trash,metal,5
final_stack_small_only,test,trash,paper,1
final_stack_small_only,test,trash,plastic,7
final_stack_small_only,test,trash,shoes,2
final_stack_small_only,test,trash,trash,46
final_avg_small_plus_lgbm_anchor_proba,test,battery,battery,90
final_avg_small_plus_lgbm_anchor_proba,test,battery,biological,1
final_avg_small_plus_lgbm_anchor_proba,test,battery,cardboard,2
final_avg_small_plus_lgbm_anchor_proba,test,battery,clothes,0
final_avg_small_plus_lgbm_anchor_proba,test,battery,glass,6
final_avg_small_plus_lgbm_anchor_proba,test,battery,metal,5
final_avg_small_plus_lgbm_anchor_proba,test,battery,paper,1
final_avg_small_plus_lgbm_anchor_proba,test,battery,plastic,3
final_avg_small_plus_lgbm_anchor_proba,test,battery,shoes,4
final_avg_small_plus_lgbm_anchor_proba,test,battery,trash,1
final_avg_small_plus_lgbm_anchor_proba,test,biological,battery,0
final_avg_small_plus_lgbm_anchor_proba,test,biological,biological,86
final_avg_small_plus_lgbm_anchor_proba,test,biological,cardboard,1
final_avg_small_plus_lgbm_anchor_proba,test,biological,clothes,2
final_avg_small_plus_lgbm_anchor_proba,test,biological,glass,1
final_avg_small_plus_lgbm_anchor_proba,test,biological,metal,2
final_avg_small_plus_lgbm_anchor_proba,test,biological,paper,5
final_avg_small_plus_lgbm_anchor_proba,test,biological,plastic,4
final_avg_small_plus_lgbm_anchor_proba,test,biological,shoes,1
final_avg_small_plus_lgbm_anchor_proba,test,biological,trash,3
final_avg_small_plus_lgbm_anchor_proba,test,cardboard,battery,1
final_avg_small_plus_lgbm_anchor_proba,test,cardboard,biological,3
final_avg_small_plus_lgbm_anchor_proba,test,cardboard,cardboard,177
final_avg_small_plus_lgbm_anchor_proba,test,cardboard,clothes,3
final_avg_small_plus_lgbm_anchor_proba,test,cardboard,glass,2
final_avg_small_plus_lgbm_anchor_proba,test,cardboard,metal,2
final_avg_small_plus_lgbm_anchor_proba,test,cardboard,paper,4
final_avg_small_plus_lgbm_anchor_proba,test,cardboard,plastic,13
final_avg_small_plus_lgbm_anchor_proba,test,cardboard,shoes,7
final_avg_small_plus_lgbm_anchor_proba,test,cardboard,trash,0
final_avg_small_plus_lgbm_anchor_proba,test,clothes,battery,0
final_avg_small_plus_lgbm_anchor_proba,test,clothes,biological,1
final_avg_small_plus_lgbm_anchor_proba,test,clothes,cardboard,1
final_avg_small_plus_lgbm_anchor_proba,test,clothes,clothes,271
final_avg_small_plus_lgbm_anchor_proba,test,clothes,glass,0
final_avg_small_plus_lgbm_anchor_proba,test,clothes,metal,1
final_avg_small_plus_lgbm_anchor_proba,test,clothes,paper,3
final_avg_small_plus_lgbm_anchor_proba,test,clothes,plastic,1
final_avg_small_plus_lgbm_anchor_proba,test,clothes,shoes,5
final_avg_small_plus_lgbm_anchor_proba,test,clothes,trash,1
final_avg_small_plus_lgbm_anchor_proba,test,glass,battery,0
final_avg_small_plus_lgbm_anchor_proba,test,glass,biological,4
final_avg_small_plus_lgbm_anchor_proba,test,glass,cardboard,5
final_avg_small_plus_lgbm_anchor_proba,test,glass,clothes,2
final_avg_small_plus_lgbm_anchor_proba,test,glass,glass,214
final_avg_small_plus_lgbm_anchor_proba,test,glass,metal,2
final_avg_small_plus_lgbm_anchor_proba,test,glass,paper,2
final_avg_small_plus_lgbm_anchor_proba,test,glass,plastic,20
final_avg_small_plus_lgbm_anchor_proba,test,glass,shoes,11
final_avg_small_plus_lgbm_anchor_proba,test,glass,trash,0
final_avg_small_plus_lgbm_anchor_proba,test,metal,battery,6
final_avg_small_plus_lgbm_anchor_proba,test,metal,biological,1
final_avg_small_plus_lgbm_anchor_proba,test,metal,cardboard,6
final_avg_small_plus_lgbm_anchor_proba,test,metal,clothes,5
final_avg_small_plus_lgbm_anchor_proba,test,metal,glass,7
final_avg_small_plus_lgbm_anchor_proba,test,metal,metal,97
final_avg_small_plus_lgbm_anchor_proba,test,metal,paper,4
final_avg_small_plus_lgbm_anchor_proba,test,metal,plastic,8
final_avg_small_plus_lgbm_anchor_proba,test,metal,shoes,6
final_avg_small_plus_lgbm_anchor_proba,test,metal,trash,0
final_avg_small_plus_lgbm_anchor_proba,test,paper,battery,1
final_avg_small_plus_lgbm_anchor_proba,test,paper,biological,3
final_avg_small_plus_lgbm_anchor_proba,test,paper,cardboard,6
final_avg_small_plus_lgbm_anchor_proba,test,paper,clothes,7
final_avg_small_plus_lgbm_anchor_proba,test,paper,glass,3
final_avg_small_plus_lgbm_anchor_proba,test,paper,metal,0
final_avg_small_plus_lgbm_anchor_proba,test,paper,paper,164
final_avg_small_plus_lgbm_anchor_proba,test,paper,plastic,6
final_avg_small_plus_lgbm_anchor_proba,test,paper,shoes,9
final_avg_small_plus_lgbm_anchor_proba,test,paper,trash,1
final_avg_small_plus_lgbm_anchor_proba,test,plastic,battery,4
final_avg_small_plus_lgbm_anchor_proba,test,plastic,biological,3
final_avg_small_plus_lgbm_anchor_proba,test,plastic,cardboard,5
final_avg_small_plus_lgbm_anchor_proba,test,plastic,clothes,11
final_avg_small_plus_lgbm_anchor_proba,test,plastic,glass,18
final_avg_small_plus_lgbm_anchor_proba,test,plastic,metal,8
final_avg_small_plus_lgbm_anchor_proba,test,plastic,paper,8
final_avg_small_plus_lgbm_anchor_proba,test,plastic,plastic,179
final_avg_small_plus_lgbm_anchor_proba,test,plastic,shoes,2
final_avg_small_plus_lgbm_anchor_proba,test,plastic,trash,2
final_avg_small_plus_lgbm_anchor_proba,test,shoes,battery,4
final_avg_small_plus_lgbm_anchor_proba,test,shoes,biological,4
final_avg_small_plus_lgbm_anchor_proba,test,shoes,cardboard,0
final_avg_small_plus_lgbm_anchor_proba,test,shoes,clothes,8
final_avg_small_plus_lgbm_anchor_proba,test,shoes,glass,3
final_avg_small_plus_lgbm_anchor_proba,test,shoes,metal,2
final_avg_small_plus_lgbm_anchor_proba,test,shoes,paper,8
final_avg_small_plus_lgbm_anchor_proba,test,shoes,plastic,4
final_avg_small_plus_lgbm_anchor_proba,test,shoes,shoes,183
final_avg_small_plus_lgbm_anchor_proba,test,shoes,trash,1
final_avg_small_plus_lgbm_anchor_proba,test,trash,battery,3
final_avg_small_plus_lgbm_anchor_proba,test,trash,biological,0
final_avg_small_plus_lgbm_anchor_proba,test,trash,cardboard,2
final_avg_small_plus_lgbm_anchor_proba,test,trash,clothes,1
final_avg_small_plus_lgbm_anchor_proba,test,trash,glass,5
final_avg_small_plus_lgbm_anchor_proba,test,trash,metal,5
final_avg_small_plus_lgbm_anchor_proba,test,trash,paper,3
final_avg_small_plus_lgbm_anchor_proba,test,trash,plastic,5
final_avg_small_plus_lgbm_anchor_proba,test,trash,shoes,2
final_avg_small_plus_lgbm_anchor_proba,test,trash,trash,42
final_avg_small_proba,test,battery,battery,86
final_avg_small_proba,test,battery,biological,1
final_avg_small_proba,test,battery,cardboard,3
final_avg_small_proba,test,battery,clothes,0
final_avg_small_proba,test,battery,glass,5
final_avg_small_proba,test,battery,metal,5
final_avg_small_proba,test,battery,paper,2
final_avg_small_proba,test,battery,plastic,5
final_avg_small_proba,test,battery,shoes,5
final_avg_small_proba,test,battery,trash,1
final_avg_small_proba,test,biological,battery,0
final_avg_small_proba,test,biological,biological,85
final_avg_small_proba,test,biological,cardboard,2
final_avg_small_proba,test,biological,clothes,2
final_avg_small_proba,test,biological,glass,1
final_avg_small_proba,test,biological,metal,1
final_avg_small_proba,test,biological,paper,5
final_avg_small_proba,test,biological,plastic,3
final_avg_small_proba,test,biological,shoes,2
final_avg_small_proba,test,biological,trash,4
final_avg_small_proba,test,cardboard,battery,1
final_avg_small_proba,test,cardboard,biological,5
final_avg_small_proba,test,cardboard,cardboard,173
final_avg_small_proba,test,cardboard,clothes,4
final_avg_small_proba,test,cardboard,glass,4
final_avg_small_proba,test,cardboard,metal,3
final_avg_small_proba,test,cardboard,paper,5
final_avg_small_proba,test,cardboard,plastic,11
final_avg_small_proba,test,cardboard,shoes,6
final_avg_small_proba,test,cardboard,trash,0
final_avg_small_proba,test,clothes,battery,0
final_avg_small_proba,test,clothes,biological,1
final_avg_small_proba,test,clothes,cardboard,1
final_avg_small_proba,test,clothes,clothes,267
final_avg_small_proba,test,clothes,glass,0
final_avg_small_proba,test,clothes,metal,2
final_avg_small_proba,test,clothes,paper,6
final_avg_small_proba,test,clothes,plastic,2
final_avg_small_proba,test,clothes,shoes,4
final_avg_small_proba,test,clothes,trash,1
final_avg_small_proba,test,glass,battery,1
final_avg_small_proba,test,glass,biological,6
final_avg_small_proba,test,glass,cardboard,5
final_avg_small_proba,test,glass,clothes,3
final_avg_small_proba,test,glass,glass,207
final_avg_small_proba,test,glass,metal,2
final_avg_small_proba,test,glass,paper,3
final_avg_small_proba,test,glass,plastic,21
final_avg_small_proba,test,glass,shoes,12
final_avg_small_proba,test,glass,trash,0
final_avg_small_proba,test,metal,battery,6
final_avg_small_proba,test,metal,biological,0
final_avg_small_proba,test,metal,cardboard,7
final_avg_small_proba,test,metal,clothes,3
final_avg_small_proba,test,metal,glass,11
final_avg_small_proba,test,metal,metal,91
final_avg_small_proba,test,metal,paper,3
final_avg_small_proba,test,metal,plastic,9
final_avg_small_proba,test,metal,shoes,7
final_avg_small_proba,test,metal,trash,3
final_avg_small_proba,test,paper,battery,1
final_avg_small_proba,test,paper,biological,4
final_avg_small_proba,test,paper,cardboard,6
final_avg_small_proba,test,paper,clothes,7
final_avg_small_proba,test,paper,glass,4
final_avg_small_proba,test,paper,metal,1
final_avg_small_proba,test,paper,paper,159
final_avg_small_proba,test,paper,plastic,7
final_avg_small_proba,test,paper,shoes,7
final_avg_small_proba,test,paper,trash,4
final_avg_small_proba,test,plastic,battery,4
final_avg_small_proba,test,plastic,biological,3
final_avg_small_proba,test,plastic,cardboard,6
final_avg_small_proba,test,plastic,clothes,12
final_avg_small_proba,test,plastic,glass,20
final_avg_small_proba,test,plastic,metal,8
final_avg_small_proba,test,plastic,paper,9
final_avg_small_proba,test,plastic,plastic,174
final_avg_small_proba,test,plastic,shoes,2
final_avg_small_proba,test,plastic,trash,2
final_avg_small_proba,test,shoes,battery,4
final_avg_small_proba,test,shoes,biological,4
final_avg_small_proba,test,shoes,cardboard,0
final_avg_small_proba,test,shoes,clothes,15
final_avg_small_proba,test,shoes,glass,6
final_avg_small_proba,test,shoes,metal,6
final_avg_small_proba,test,shoes,paper,9
final_avg_small_proba,test,shoes,plastic,5
final_avg_small_proba,test,shoes,shoes,166
final_avg_small_proba,test,shoes,trash,2
final_avg_small_proba,test,trash,battery,3
final_avg_small_proba,test,trash,biological,1
final_avg_small_proba,test,trash,cardboard,4
final_avg_small_proba,test,trash,clothes,2
final_avg_small_proba,test,trash,glass,4
final_avg_small_proba,test,trash,metal,4
final_avg_small_proba,test,trash,paper,3
final_avg_small_proba,test,trash,plastic,6
final_avg_small_proba,test,trash,shoes,2
final_avg_small_proba,test,trash,trash,39
