candidate_id,source_short,model_label,split,label,precision,recall,f1_score,support
yang_thung_2016_sift_bof_rbf_svm,Yang & Thung 2016,RBF_SVM,validation,battery,0.4696969696969697,0.5486725663716814,0.5061224489795918,113
yang_thung_2016_sift_bof_rbf_svm,Yang & Thung 2016,RBF_SVM,validation,biological,0.4357142857142857,0.580952380952381,0.49795918367346936,105
yang_thung_2016_sift_bof_rbf_svm,Yang & Thung 2016,RBF_SVM,validation,cardboard,0.46411483253588515,0.45754716981132076,0.46080760095011875,212
yang_thung_2016_sift_bof_rbf_svm,Yang & Thung 2016,RBF_SVM,validation,clothes,0.47076023391812866,0.5669014084507042,0.5143769968051118,284
yang_thung_2016_sift_bof_rbf_svm,Yang & Thung 2016,RBF_SVM,validation,glass,0.3939393939393939,0.4,0.3969465648854962,260
yang_thung_2016_sift_bof_rbf_svm,Yang & Thung 2016,RBF_SVM,validation,metal,0.27956989247311825,0.18571428571428572,0.22317596566523606,140
yang_thung_2016_sift_bof_rbf_svm,Yang & Thung 2016,RBF_SVM,validation,paper,0.47368421052631576,0.45,0.46153846153846156,200
yang_thung_2016_sift_bof_rbf_svm,Yang & Thung 2016,RBF_SVM,validation,plastic,0.4694835680751174,0.4166666666666667,0.44150110375275936,240
yang_thung_2016_sift_bof_rbf_svm,Yang & Thung 2016,RBF_SVM,validation,shoes,0.42790697674418604,0.423963133640553,0.42592592592592593,217
yang_thung_2016_sift_bof_rbf_svm,Yang & Thung 2016,RBF_SVM,validation,trash,0.4146341463414634,0.25,0.3119266055045872,68
nguyen_2026_handcrafted_lightgbm,Nguyen et al. 2026,LightGBM,validation,battery,0.8636363636363636,0.8407079646017699,0.852017937219731,113
nguyen_2026_handcrafted_lightgbm,Nguyen et al. 2026,LightGBM,validation,biological,0.8240740740740741,0.8476190476190476,0.8356807511737089,105
nguyen_2026_handcrafted_lightgbm,Nguyen et al. 2026,LightGBM,validation,cardboard,0.8146341463414634,0.7877358490566038,0.8009592326139089,212
nguyen_2026_handcrafted_lightgbm,Nguyen et al. 2026,LightGBM,validation,clothes,0.8381877022653722,0.9119718309859155,0.8735244519392917,284
nguyen_2026_handcrafted_lightgbm,Nguyen et al. 2026,LightGBM,validation,glass,0.7471264367816092,0.75,0.7485604606525912,260
nguyen_2026_handcrafted_lightgbm,Nguyen et al. 2026,LightGBM,validation,metal,0.6428571428571429,0.6428571428571429,0.6428571428571429,140
nguyen_2026_handcrafted_lightgbm,Nguyen et al. 2026,LightGBM,validation,paper,0.7589743589743589,0.74,0.7493670886075949,200
nguyen_2026_handcrafted_lightgbm,Nguyen et al. 2026,LightGBM,validation,plastic,0.6822033898305084,0.6708333333333333,0.6764705882352942,240
nguyen_2026_handcrafted_lightgbm,Nguyen et al. 2026,LightGBM,validation,shoes,0.7201834862385321,0.7235023041474654,0.7218390804597701,217
nguyen_2026_handcrafted_lightgbm,Nguyen et al. 2026,LightGBM,validation,trash,0.8245614035087719,0.6911764705882353,0.752,68
nguyen_2026_handcrafted_xgboost,Nguyen et al. 2026,XGBoost,validation,battery,0.768,0.8495575221238938,0.8067226890756303,113
nguyen_2026_handcrafted_xgboost,Nguyen et al. 2026,XGBoost,validation,biological,0.7076923076923077,0.8761904761904762,0.7829787234042553,105
nguyen_2026_handcrafted_xgboost,Nguyen et al. 2026,XGBoost,validation,cardboard,0.7658536585365854,0.7405660377358491,0.7529976019184652,212
nguyen_2026_handcrafted_xgboost,Nguyen et al. 2026,XGBoost,validation,clothes,0.7678018575851393,0.8732394366197183,0.8171334431630972,284
nguyen_2026_handcrafted_xgboost,Nguyen et al. 2026,XGBoost,validation,glass,0.7616822429906542,0.6269230769230769,0.6877637130801688,260
nguyen_2026_handcrafted_xgboost,Nguyen et al. 2026,XGBoost,validation,metal,0.5527950310559007,0.6357142857142857,0.5913621262458472,140
nguyen_2026_handcrafted_xgboost,Nguyen et al. 2026,XGBoost,validation,paper,0.6763285024154589,0.7,0.687960687960688,200
nguyen_2026_handcrafted_xgboost,Nguyen et al. 2026,XGBoost,validation,plastic,0.6683168316831684,0.5625,0.6108597285067874,240
nguyen_2026_handcrafted_xgboost,Nguyen et al. 2026,XGBoost,validation,shoes,0.6701030927835051,0.5990783410138248,0.6326034063260341,217
nguyen_2026_handcrafted_xgboost,Nguyen et al. 2026,XGBoost,validation,trash,0.6025641025641025,0.6911764705882353,0.6438356164383562,68
mboli_ogungbemi_2026_rgb_pca_random_forest,Mboli & Ogungbemi 2026,PCA_RandomForest,validation,battery,0.7303370786516854,0.5752212389380531,0.6435643564356436,113
mboli_ogungbemi_2026_rgb_pca_random_forest,Mboli & Ogungbemi 2026,PCA_RandomForest,validation,biological,0.6951219512195121,0.5428571428571428,0.6096256684491979,105
mboli_ogungbemi_2026_rgb_pca_random_forest,Mboli & Ogungbemi 2026,PCA_RandomForest,validation,cardboard,0.5942028985507246,0.5801886792452831,0.5871121718377088,212
mboli_ogungbemi_2026_rgb_pca_random_forest,Mboli & Ogungbemi 2026,PCA_RandomForest,validation,clothes,0.5911111111111111,0.9366197183098591,0.7247956403269755,284
mboli_ogungbemi_2026_rgb_pca_random_forest,Mboli & Ogungbemi 2026,PCA_RandomForest,validation,glass,0.5218978102189781,0.55,0.5355805243445693,260
mboli_ogungbemi_2026_rgb_pca_random_forest,Mboli & Ogungbemi 2026,PCA_RandomForest,validation,metal,0.39473684210526316,0.21428571428571427,0.2777777777777778,140
mboli_ogungbemi_2026_rgb_pca_random_forest,Mboli & Ogungbemi 2026,PCA_RandomForest,validation,paper,0.4891304347826087,0.45,0.46875,200
mboli_ogungbemi_2026_rgb_pca_random_forest,Mboli & Ogungbemi 2026,PCA_RandomForest,validation,plastic,0.4659090909090909,0.5125,0.4880952380952381,240
mboli_ogungbemi_2026_rgb_pca_random_forest,Mboli & Ogungbemi 2026,PCA_RandomForest,validation,shoes,0.5511363636363636,0.4470046082949309,0.49363867684478374,217
mboli_ogungbemi_2026_rgb_pca_random_forest,Mboli & Ogungbemi 2026,PCA_RandomForest,validation,trash,0.5675675675675675,0.3088235294117647,0.4,68
mboli_ogungbemi_2026_rgb_pca_rbf_svm,Mboli & Ogungbemi 2026,PCA_RBF_SVM,validation,battery,0.6752136752136753,0.6991150442477876,0.6869565217391305,113
mboli_ogungbemi_2026_rgb_pca_rbf_svm,Mboli & Ogungbemi 2026,PCA_RBF_SVM,validation,biological,0.5107913669064749,0.6761904761904762,0.5819672131147541,105
mboli_ogungbemi_2026_rgb_pca_rbf_svm,Mboli & Ogungbemi 2026,PCA_RBF_SVM,validation,cardboard,0.6424581005586593,0.5424528301886793,0.5882352941176471,212
mboli_ogungbemi_2026_rgb_pca_rbf_svm,Mboli & Ogungbemi 2026,PCA_RBF_SVM,validation,clothes,0.7770034843205574,0.7852112676056338,0.7810858143607706,284
mboli_ogungbemi_2026_rgb_pca_rbf_svm,Mboli & Ogungbemi 2026,PCA_RBF_SVM,validation,glass,0.6460674157303371,0.4423076923076923,0.5251141552511416,260
mboli_ogungbemi_2026_rgb_pca_rbf_svm,Mboli & Ogungbemi 2026,PCA_RBF_SVM,validation,metal,0.40384615384615385,0.45,0.42567567567567566,140
mboli_ogungbemi_2026_rgb_pca_rbf_svm,Mboli & Ogungbemi 2026,PCA_RBF_SVM,validation,paper,0.49029126213592233,0.505,0.4975369458128079,200
mboli_ogungbemi_2026_rgb_pca_rbf_svm,Mboli & Ogungbemi 2026,PCA_RBF_SVM,validation,plastic,0.5121951219512195,0.525,0.5185185185185185,240
mboli_ogungbemi_2026_rgb_pca_rbf_svm,Mboli & Ogungbemi 2026,PCA_RBF_SVM,validation,shoes,0.5340909090909091,0.43317972350230416,0.47837150127226463,217
mboli_ogungbemi_2026_rgb_pca_rbf_svm,Mboli & Ogungbemi 2026,PCA_RBF_SVM,validation,trash,0.33548387096774196,0.7647058823529411,0.4663677130044843,68
sen_2025_hog_lbp_linear_svm_reference,Sen et al. 2025,HOG_Texture_LinearSVM_SGD,validation,battery,0.625,0.5752212389380531,0.5990783410138248,113
sen_2025_hog_lbp_linear_svm_reference,Sen et al. 2025,HOG_Texture_LinearSVM_SGD,validation,biological,0.5327102803738317,0.5428571428571428,0.5377358490566038,105
sen_2025_hog_lbp_linear_svm_reference,Sen et al. 2025,HOG_Texture_LinearSVM_SGD,validation,cardboard,0.5562130177514792,0.44339622641509435,0.49343832020997375,212
sen_2025_hog_lbp_linear_svm_reference,Sen et al. 2025,HOG_Texture_LinearSVM_SGD,validation,clothes,0.8117647058823529,0.7288732394366197,0.7680890538033395,284
sen_2025_hog_lbp_linear_svm_reference,Sen et al. 2025,HOG_Texture_LinearSVM_SGD,validation,glass,0.3238095238095238,0.6538461538461539,0.43312101910828027,260
sen_2025_hog_lbp_linear_svm_reference,Sen et al. 2025,HOG_Texture_LinearSVM_SGD,validation,metal,0.3493975903614458,0.20714285714285716,0.2600896860986547,140
sen_2025_hog_lbp_linear_svm_reference,Sen et al. 2025,HOG_Texture_LinearSVM_SGD,validation,paper,0.5614035087719298,0.32,0.40764331210191085,200
sen_2025_hog_lbp_linear_svm_reference,Sen et al. 2025,HOG_Texture_LinearSVM_SGD,validation,plastic,0.43252595155709345,0.5208333333333334,0.4725897920604915,240
sen_2025_hog_lbp_linear_svm_reference,Sen et al. 2025,HOG_Texture_LinearSVM_SGD,validation,shoes,0.7593984962406015,0.46543778801843316,0.5771428571428572,217
sen_2025_hog_lbp_linear_svm_reference,Sen et al. 2025,HOG_Texture_LinearSVM_SGD,validation,trash,0.31666666666666665,0.27941176470588236,0.296875,68
