candidate_id,source_short,model_label,split,true_label,predicted_label,count
yang_thung_2016_sift_bof_rbf_svm,Yang & Thung 2016,RBF_SVM,validation,battery,battery,62
yang_thung_2016_sift_bof_rbf_svm,Yang & Thung 2016,RBF_SVM,validation,battery,biological,3
yang_thung_2016_sift_bof_rbf_svm,Yang & Thung 2016,RBF_SVM,validation,battery,cardboard,14
yang_thung_2016_sift_bof_rbf_svm,Yang & Thung 2016,RBF_SVM,validation,battery,clothes,3
yang_thung_2016_sift_bof_rbf_svm,Yang & Thung 2016,RBF_SVM,validation,battery,glass,9
yang_thung_2016_sift_bof_rbf_svm,Yang & Thung 2016,RBF_SVM,validation,battery,metal,5
yang_thung_2016_sift_bof_rbf_svm,Yang & Thung 2016,RBF_SVM,validation,battery,paper,6
yang_thung_2016_sift_bof_rbf_svm,Yang & Thung 2016,RBF_SVM,validation,battery,plastic,5
yang_thung_2016_sift_bof_rbf_svm,Yang & Thung 2016,RBF_SVM,validation,battery,shoes,6
yang_thung_2016_sift_bof_rbf_svm,Yang & Thung 2016,RBF_SVM,validation,biological,biological,61
yang_thung_2016_sift_bof_rbf_svm,Yang & Thung 2016,RBF_SVM,validation,biological,clothes,11
yang_thung_2016_sift_bof_rbf_svm,Yang & Thung 2016,RBF_SVM,validation,biological,glass,9
yang_thung_2016_sift_bof_rbf_svm,Yang & Thung 2016,RBF_SVM,validation,biological,metal,1
yang_thung_2016_sift_bof_rbf_svm,Yang & Thung 2016,RBF_SVM,validation,biological,paper,1
yang_thung_2016_sift_bof_rbf_svm,Yang & Thung 2016,RBF_SVM,validation,biological,plastic,7
yang_thung_2016_sift_bof_rbf_svm,Yang & Thung 2016,RBF_SVM,validation,biological,shoes,14
yang_thung_2016_sift_bof_rbf_svm,Yang & Thung 2016,RBF_SVM,validation,biological,trash,1
yang_thung_2016_sift_bof_rbf_svm,Yang & Thung 2016,RBF_SVM,validation,cardboard,battery,15
yang_thung_2016_sift_bof_rbf_svm,Yang & Thung 2016,RBF_SVM,validation,cardboard,biological,4
yang_thung_2016_sift_bof_rbf_svm,Yang & Thung 2016,RBF_SVM,validation,cardboard,cardboard,97
yang_thung_2016_sift_bof_rbf_svm,Yang & Thung 2016,RBF_SVM,validation,cardboard,clothes,17
yang_thung_2016_sift_bof_rbf_svm,Yang & Thung 2016,RBF_SVM,validation,cardboard,glass,10
yang_thung_2016_sift_bof_rbf_svm,Yang & Thung 2016,RBF_SVM,validation,cardboard,metal,6
yang_thung_2016_sift_bof_rbf_svm,Yang & Thung 2016,RBF_SVM,validation,cardboard,paper,32
yang_thung_2016_sift_bof_rbf_svm,Yang & Thung 2016,RBF_SVM,validation,cardboard,plastic,19
yang_thung_2016_sift_bof_rbf_svm,Yang & Thung 2016,RBF_SVM,validation,cardboard,shoes,10
yang_thung_2016_sift_bof_rbf_svm,Yang & Thung 2016,RBF_SVM,validation,cardboard,trash,2
yang_thung_2016_sift_bof_rbf_svm,Yang & Thung 2016,RBF_SVM,validation,clothes,battery,11
yang_thung_2016_sift_bof_rbf_svm,Yang & Thung 2016,RBF_SVM,validation,clothes,biological,9
yang_thung_2016_sift_bof_rbf_svm,Yang & Thung 2016,RBF_SVM,validation,clothes,cardboard,14
yang_thung_2016_sift_bof_rbf_svm,Yang & Thung 2016,RBF_SVM,validation,clothes,clothes,161
yang_thung_2016_sift_bof_rbf_svm,Yang & Thung 2016,RBF_SVM,validation,clothes,glass,23
yang_thung_2016_sift_bof_rbf_svm,Yang & Thung 2016,RBF_SVM,validation,clothes,metal,4
yang_thung_2016_sift_bof_rbf_svm,Yang & Thung 2016,RBF_SVM,validation,clothes,paper,22
yang_thung_2016_sift_bof_rbf_svm,Yang & Thung 2016,RBF_SVM,validation,clothes,plastic,11
yang_thung_2016_sift_bof_rbf_svm,Yang & Thung 2016,RBF_SVM,validation,clothes,shoes,24
yang_thung_2016_sift_bof_rbf_svm,Yang & Thung 2016,RBF_SVM,validation,clothes,trash,5
yang_thung_2016_sift_bof_rbf_svm,Yang & Thung 2016,RBF_SVM,validation,glass,battery,12
yang_thung_2016_sift_bof_rbf_svm,Yang & Thung 2016,RBF_SVM,validation,glass,biological,15
yang_thung_2016_sift_bof_rbf_svm,Yang & Thung 2016,RBF_SVM,validation,glass,cardboard,14
yang_thung_2016_sift_bof_rbf_svm,Yang & Thung 2016,RBF_SVM,validation,glass,clothes,28
yang_thung_2016_sift_bof_rbf_svm,Yang & Thung 2016,RBF_SVM,validation,glass,glass,104
yang_thung_2016_sift_bof_rbf_svm,Yang & Thung 2016,RBF_SVM,validation,glass,metal,19
yang_thung_2016_sift_bof_rbf_svm,Yang & Thung 2016,RBF_SVM,validation,glass,paper,11
yang_thung_2016_sift_bof_rbf_svm,Yang & Thung 2016,RBF_SVM,validation,glass,plastic,24
yang_thung_2016_sift_bof_rbf_svm,Yang & Thung 2016,RBF_SVM,validation,glass,shoes,30
yang_thung_2016_sift_bof_rbf_svm,Yang & Thung 2016,RBF_SVM,validation,glass,trash,3
yang_thung_2016_sift_bof_rbf_svm,Yang & Thung 2016,RBF_SVM,validation,metal,battery,10
yang_thung_2016_sift_bof_rbf_svm,Yang & Thung 2016,RBF_SVM,validation,metal,biological,12
yang_thung_2016_sift_bof_rbf_svm,Yang & Thung 2016,RBF_SVM,validation,metal,cardboard,7
yang_thung_2016_sift_bof_rbf_svm,Yang & Thung 2016,RBF_SVM,validation,metal,clothes,17
yang_thung_2016_sift_bof_rbf_svm,Yang & Thung 2016,RBF_SVM,validation,metal,glass,17
yang_thung_2016_sift_bof_rbf_svm,Yang & Thung 2016,RBF_SVM,validation,metal,metal,26
yang_thung_2016_sift_bof_rbf_svm,Yang & Thung 2016,RBF_SVM,validation,metal,paper,8
yang_thung_2016_sift_bof_rbf_svm,Yang & Thung 2016,RBF_SVM,validation,metal,plastic,21
yang_thung_2016_sift_bof_rbf_svm,Yang & Thung 2016,RBF_SVM,validation,metal,shoes,19
yang_thung_2016_sift_bof_rbf_svm,Yang & Thung 2016,RBF_SVM,validation,metal,trash,3
yang_thung_2016_sift_bof_rbf_svm,Yang & Thung 2016,RBF_SVM,validation,paper,battery,13
yang_thung_2016_sift_bof_rbf_svm,Yang & Thung 2016,RBF_SVM,validation,paper,biological,2
yang_thung_2016_sift_bof_rbf_svm,Yang & Thung 2016,RBF_SVM,validation,paper,cardboard,27
yang_thung_2016_sift_bof_rbf_svm,Yang & Thung 2016,RBF_SVM,validation,paper,clothes,27
yang_thung_2016_sift_bof_rbf_svm,Yang & Thung 2016,RBF_SVM,validation,paper,glass,15
yang_thung_2016_sift_bof_rbf_svm,Yang & Thung 2016,RBF_SVM,validation,paper,metal,5
yang_thung_2016_sift_bof_rbf_svm,Yang & Thung 2016,RBF_SVM,validation,paper,paper,90
yang_thung_2016_sift_bof_rbf_svm,Yang & Thung 2016,RBF_SVM,validation,paper,plastic,13
yang_thung_2016_sift_bof_rbf_svm,Yang & Thung 2016,RBF_SVM,validation,paper,shoes,5
yang_thung_2016_sift_bof_rbf_svm,Yang & Thung 2016,RBF_SVM,validation,paper,trash,3
yang_thung_2016_sift_bof_rbf_svm,Yang & Thung 2016,RBF_SVM,validation,plastic,battery,6
yang_thung_2016_sift_bof_rbf_svm,Yang & Thung 2016,RBF_SVM,validation,plastic,biological,6
yang_thung_2016_sift_bof_rbf_svm,Yang & Thung 2016,RBF_SVM,validation,plastic,cardboard,24
yang_thung_2016_sift_bof_rbf_svm,Yang & Thung 2016,RBF_SVM,validation,plastic,clothes,24
yang_thung_2016_sift_bof_rbf_svm,Yang & Thung 2016,RBF_SVM,validation,plastic,glass,38
yang_thung_2016_sift_bof_rbf_svm,Yang & Thung 2016,RBF_SVM,validation,plastic,metal,19
yang_thung_2016_sift_bof_rbf_svm,Yang & Thung 2016,RBF_SVM,validation,plastic,paper,10
yang_thung_2016_sift_bof_rbf_svm,Yang & Thung 2016,RBF_SVM,validation,plastic,plastic,100
yang_thung_2016_sift_bof_rbf_svm,Yang & Thung 2016,RBF_SVM,validation,plastic,shoes,10
yang_thung_2016_sift_bof_rbf_svm,Yang & Thung 2016,RBF_SVM,validation,plastic,trash,3
yang_thung_2016_sift_bof_rbf_svm,Yang & Thung 2016,RBF_SVM,validation,shoes,battery,3
yang_thung_2016_sift_bof_rbf_svm,Yang & Thung 2016,RBF_SVM,validation,shoes,biological,24
yang_thung_2016_sift_bof_rbf_svm,Yang & Thung 2016,RBF_SVM,validation,shoes,cardboard,3
yang_thung_2016_sift_bof_rbf_svm,Yang & Thung 2016,RBF_SVM,validation,shoes,clothes,44
yang_thung_2016_sift_bof_rbf_svm,Yang & Thung 2016,RBF_SVM,validation,shoes,glass,32
yang_thung_2016_sift_bof_rbf_svm,Yang & Thung 2016,RBF_SVM,validation,shoes,metal,5
yang_thung_2016_sift_bof_rbf_svm,Yang & Thung 2016,RBF_SVM,validation,shoes,paper,6
yang_thung_2016_sift_bof_rbf_svm,Yang & Thung 2016,RBF_SVM,validation,shoes,plastic,4
yang_thung_2016_sift_bof_rbf_svm,Yang & Thung 2016,RBF_SVM,validation,shoes,shoes,92
yang_thung_2016_sift_bof_rbf_svm,Yang & Thung 2016,RBF_SVM,validation,shoes,trash,4
yang_thung_2016_sift_bof_rbf_svm,Yang & Thung 2016,RBF_SVM,validation,trash,biological,4
yang_thung_2016_sift_bof_rbf_svm,Yang & Thung 2016,RBF_SVM,validation,trash,cardboard,9
yang_thung_2016_sift_bof_rbf_svm,Yang & Thung 2016,RBF_SVM,validation,trash,clothes,10
yang_thung_2016_sift_bof_rbf_svm,Yang & Thung 2016,RBF_SVM,validation,trash,glass,7
yang_thung_2016_sift_bof_rbf_svm,Yang & Thung 2016,RBF_SVM,validation,trash,metal,3
yang_thung_2016_sift_bof_rbf_svm,Yang & Thung 2016,RBF_SVM,validation,trash,paper,4
yang_thung_2016_sift_bof_rbf_svm,Yang & Thung 2016,RBF_SVM,validation,trash,plastic,9
yang_thung_2016_sift_bof_rbf_svm,Yang & Thung 2016,RBF_SVM,validation,trash,shoes,5
yang_thung_2016_sift_bof_rbf_svm,Yang & Thung 2016,RBF_SVM,validation,trash,trash,17
nguyen_2026_handcrafted_lightgbm,Nguyen et al. 2026,LightGBM,validation,battery,battery,95
nguyen_2026_handcrafted_lightgbm,Nguyen et al. 2026,LightGBM,validation,battery,biological,3
nguyen_2026_handcrafted_lightgbm,Nguyen et al. 2026,LightGBM,validation,battery,cardboard,3
nguyen_2026_handcrafted_lightgbm,Nguyen et al. 2026,LightGBM,validation,battery,glass,1
nguyen_2026_handcrafted_lightgbm,Nguyen et al. 2026,LightGBM,validation,battery,metal,4
nguyen_2026_handcrafted_lightgbm,Nguyen et al. 2026,LightGBM,validation,battery,paper,1
nguyen_2026_handcrafted_lightgbm,Nguyen et al. 2026,LightGBM,validation,battery,plastic,1
nguyen_2026_handcrafted_lightgbm,Nguyen et al. 2026,LightGBM,validation,battery,shoes,5
nguyen_2026_handcrafted_lightgbm,Nguyen et al. 2026,LightGBM,validation,biological,biological,89
nguyen_2026_handcrafted_lightgbm,Nguyen et al. 2026,LightGBM,validation,biological,cardboard,1
nguyen_2026_handcrafted_lightgbm,Nguyen et al. 2026,LightGBM,validation,biological,clothes,3
nguyen_2026_handcrafted_lightgbm,Nguyen et al. 2026,LightGBM,validation,biological,glass,2
nguyen_2026_handcrafted_lightgbm,Nguyen et al. 2026,LightGBM,validation,biological,metal,2
nguyen_2026_handcrafted_lightgbm,Nguyen et al. 2026,LightGBM,validation,biological,paper,1
nguyen_2026_handcrafted_lightgbm,Nguyen et al. 2026,LightGBM,validation,biological,plastic,3
nguyen_2026_handcrafted_lightgbm,Nguyen et al. 2026,LightGBM,validation,biological,shoes,3
nguyen_2026_handcrafted_lightgbm,Nguyen et al. 2026,LightGBM,validation,biological,trash,1
nguyen_2026_handcrafted_lightgbm,Nguyen et al. 2026,LightGBM,validation,cardboard,battery,3
nguyen_2026_handcrafted_lightgbm,Nguyen et al. 2026,LightGBM,validation,cardboard,biological,2
nguyen_2026_handcrafted_lightgbm,Nguyen et al. 2026,LightGBM,validation,cardboard,cardboard,167
nguyen_2026_handcrafted_lightgbm,Nguyen et al. 2026,LightGBM,validation,cardboard,clothes,3
nguyen_2026_handcrafted_lightgbm,Nguyen et al. 2026,LightGBM,validation,cardboard,glass,4
nguyen_2026_handcrafted_lightgbm,Nguyen et al. 2026,LightGBM,validation,cardboard,metal,7
nguyen_2026_handcrafted_lightgbm,Nguyen et al. 2026,LightGBM,validation,cardboard,paper,8
nguyen_2026_handcrafted_lightgbm,Nguyen et al. 2026,LightGBM,validation,cardboard,plastic,13
nguyen_2026_handcrafted_lightgbm,Nguyen et al. 2026,LightGBM,validation,cardboard,shoes,4
nguyen_2026_handcrafted_lightgbm,Nguyen et al. 2026,LightGBM,validation,cardboard,trash,1
nguyen_2026_handcrafted_lightgbm,Nguyen et al. 2026,LightGBM,validation,clothes,cardboard,1
nguyen_2026_handcrafted_lightgbm,Nguyen et al. 2026,LightGBM,validation,clothes,clothes,259
nguyen_2026_handcrafted_lightgbm,Nguyen et al. 2026,LightGBM,validation,clothes,glass,3
nguyen_2026_handcrafted_lightgbm,Nguyen et al. 2026,LightGBM,validation,clothes,metal,1
nguyen_2026_handcrafted_lightgbm,Nguyen et al. 2026,LightGBM,validation,clothes,paper,6
nguyen_2026_handcrafted_lightgbm,Nguyen et al. 2026,LightGBM,validation,clothes,plastic,3
nguyen_2026_handcrafted_lightgbm,Nguyen et al. 2026,LightGBM,validation,clothes,shoes,11
nguyen_2026_handcrafted_lightgbm,Nguyen et al. 2026,LightGBM,validation,glass,biological,1
nguyen_2026_handcrafted_lightgbm,Nguyen et al. 2026,LightGBM,validation,glass,cardboard,1
nguyen_2026_handcrafted_lightgbm,Nguyen et al. 2026,LightGBM,validation,glass,clothes,1
nguyen_2026_handcrafted_lightgbm,Nguyen et al. 2026,LightGBM,validation,glass,glass,195
nguyen_2026_handcrafted_lightgbm,Nguyen et al. 2026,LightGBM,validation,glass,metal,11
nguyen_2026_handcrafted_lightgbm,Nguyen et al. 2026,LightGBM,validation,glass,paper,8
nguyen_2026_handcrafted_lightgbm,Nguyen et al. 2026,LightGBM,validation,glass,plastic,27
nguyen_2026_handcrafted_lightgbm,Nguyen et al. 2026,LightGBM,validation,glass,shoes,14
nguyen_2026_handcrafted_lightgbm,Nguyen et al. 2026,LightGBM,validation,glass,trash,2
nguyen_2026_handcrafted_lightgbm,Nguyen et al. 2026,LightGBM,validation,metal,battery,4
nguyen_2026_handcrafted_lightgbm,Nguyen et al. 2026,LightGBM,validation,metal,biological,2
nguyen_2026_handcrafted_lightgbm,Nguyen et al. 2026,LightGBM,validation,metal,cardboard,5
nguyen_2026_handcrafted_lightgbm,Nguyen et al. 2026,LightGBM,validation,metal,clothes,6
nguyen_2026_handcrafted_lightgbm,Nguyen et al. 2026,LightGBM,validation,metal,glass,13
nguyen_2026_handcrafted_lightgbm,Nguyen et al. 2026,LightGBM,validation,metal,metal,90
nguyen_2026_handcrafted_lightgbm,Nguyen et al. 2026,LightGBM,validation,metal,paper,5
nguyen_2026_handcrafted_lightgbm,Nguyen et al. 2026,LightGBM,validation,metal,plastic,7
nguyen_2026_handcrafted_lightgbm,Nguyen et al. 2026,LightGBM,validation,metal,shoes,8
nguyen_2026_handcrafted_lightgbm,Nguyen et al. 2026,LightGBM,validation,paper,biological,3
nguyen_2026_handcrafted_lightgbm,Nguyen et al. 2026,LightGBM,validation,paper,cardboard,10
nguyen_2026_handcrafted_lightgbm,Nguyen et al. 2026,LightGBM,validation,paper,clothes,7
nguyen_2026_handcrafted_lightgbm,Nguyen et al. 2026,LightGBM,validation,paper,glass,5
nguyen_2026_handcrafted_lightgbm,Nguyen et al. 2026,LightGBM,validation,paper,metal,11
nguyen_2026_handcrafted_lightgbm,Nguyen et al. 2026,LightGBM,validation,paper,paper,148
nguyen_2026_handcrafted_lightgbm,Nguyen et al. 2026,LightGBM,validation,paper,plastic,8
nguyen_2026_handcrafted_lightgbm,Nguyen et al. 2026,LightGBM,validation,paper,shoes,6
nguyen_2026_handcrafted_lightgbm,Nguyen et al. 2026,LightGBM,validation,paper,trash,2
nguyen_2026_handcrafted_lightgbm,Nguyen et al. 2026,LightGBM,validation,plastic,battery,2
nguyen_2026_handcrafted_lightgbm,Nguyen et al. 2026,LightGBM,validation,plastic,biological,1
nguyen_2026_handcrafted_lightgbm,Nguyen et al. 2026,LightGBM,validation,plastic,cardboard,11
nguyen_2026_handcrafted_lightgbm,Nguyen et al. 2026,LightGBM,validation,plastic,clothes,12
nguyen_2026_handcrafted_lightgbm,Nguyen et al. 2026,LightGBM,validation,plastic,glass,26
nguyen_2026_handcrafted_lightgbm,Nguyen et al. 2026,LightGBM,validation,plastic,metal,6
nguyen_2026_handcrafted_lightgbm,Nguyen et al. 2026,LightGBM,validation,plastic,paper,12
nguyen_2026_handcrafted_lightgbm,Nguyen et al. 2026,LightGBM,validation,plastic,plastic,161
nguyen_2026_handcrafted_lightgbm,Nguyen et al. 2026,LightGBM,validation,plastic,shoes,7
nguyen_2026_handcrafted_lightgbm,Nguyen et al. 2026,LightGBM,validation,plastic,trash,2
nguyen_2026_handcrafted_lightgbm,Nguyen et al. 2026,LightGBM,validation,shoes,battery,6
nguyen_2026_handcrafted_lightgbm,Nguyen et al. 2026,LightGBM,validation,shoes,biological,5
nguyen_2026_handcrafted_lightgbm,Nguyen et al. 2026,LightGBM,validation,shoes,cardboard,6
nguyen_2026_handcrafted_lightgbm,Nguyen et al. 2026,LightGBM,validation,shoes,clothes,17
nguyen_2026_handcrafted_lightgbm,Nguyen et al. 2026,LightGBM,validation,shoes,glass,9
nguyen_2026_handcrafted_lightgbm,Nguyen et al. 2026,LightGBM,validation,shoes,metal,6
nguyen_2026_handcrafted_lightgbm,Nguyen et al. 2026,LightGBM,validation,shoes,paper,3
nguyen_2026_handcrafted_lightgbm,Nguyen et al. 2026,LightGBM,validation,shoes,plastic,6
nguyen_2026_handcrafted_lightgbm,Nguyen et al. 2026,LightGBM,validation,shoes,shoes,157
nguyen_2026_handcrafted_lightgbm,Nguyen et al. 2026,LightGBM,validation,shoes,trash,2
nguyen_2026_handcrafted_lightgbm,Nguyen et al. 2026,LightGBM,validation,trash,biological,2
nguyen_2026_handcrafted_lightgbm,Nguyen et al. 2026,LightGBM,validation,trash,clothes,1
nguyen_2026_handcrafted_lightgbm,Nguyen et al. 2026,LightGBM,validation,trash,glass,3
nguyen_2026_handcrafted_lightgbm,Nguyen et al. 2026,LightGBM,validation,trash,metal,2
nguyen_2026_handcrafted_lightgbm,Nguyen et al. 2026,LightGBM,validation,trash,paper,3
nguyen_2026_handcrafted_lightgbm,Nguyen et al. 2026,LightGBM,validation,trash,plastic,7
nguyen_2026_handcrafted_lightgbm,Nguyen et al. 2026,LightGBM,validation,trash,shoes,3
nguyen_2026_handcrafted_lightgbm,Nguyen et al. 2026,LightGBM,validation,trash,trash,47
nguyen_2026_handcrafted_xgboost,Nguyen et al. 2026,XGBoost,validation,battery,battery,96
nguyen_2026_handcrafted_xgboost,Nguyen et al. 2026,XGBoost,validation,battery,biological,3
nguyen_2026_handcrafted_xgboost,Nguyen et al. 2026,XGBoost,validation,battery,cardboard,3
nguyen_2026_handcrafted_xgboost,Nguyen et al. 2026,XGBoost,validation,battery,glass,1
nguyen_2026_handcrafted_xgboost,Nguyen et al. 2026,XGBoost,validation,battery,metal,4
nguyen_2026_handcrafted_xgboost,Nguyen et al. 2026,XGBoost,validation,battery,paper,1
nguyen_2026_handcrafted_xgboost,Nguyen et al. 2026,XGBoost,validation,battery,shoes,5
nguyen_2026_handcrafted_xgboost,Nguyen et al. 2026,XGBoost,validation,biological,biological,92
nguyen_2026_handcrafted_xgboost,Nguyen et al. 2026,XGBoost,validation,biological,cardboard,1
nguyen_2026_handcrafted_xgboost,Nguyen et al. 2026,XGBoost,validation,biological,clothes,2
nguyen_2026_handcrafted_xgboost,Nguyen et al. 2026,XGBoost,validation,biological,glass,1
nguyen_2026_handcrafted_xgboost,Nguyen et al. 2026,XGBoost,validation,biological,metal,1
nguyen_2026_handcrafted_xgboost,Nguyen et al. 2026,XGBoost,validation,biological,paper,2
nguyen_2026_handcrafted_xgboost,Nguyen et al. 2026,XGBoost,validation,biological,plastic,1
nguyen_2026_handcrafted_xgboost,Nguyen et al. 2026,XGBoost,validation,biological,shoes,4
nguyen_2026_handcrafted_xgboost,Nguyen et al. 2026,XGBoost,validation,biological,trash,1
nguyen_2026_handcrafted_xgboost,Nguyen et al. 2026,XGBoost,validation,cardboard,battery,5
nguyen_2026_handcrafted_xgboost,Nguyen et al. 2026,XGBoost,validation,cardboard,biological,3
nguyen_2026_handcrafted_xgboost,Nguyen et al. 2026,XGBoost,validation,cardboard,cardboard,157
nguyen_2026_handcrafted_xgboost,Nguyen et al. 2026,XGBoost,validation,cardboard,clothes,4
nguyen_2026_handcrafted_xgboost,Nguyen et al. 2026,XGBoost,validation,cardboard,glass,5
nguyen_2026_handcrafted_xgboost,Nguyen et al. 2026,XGBoost,validation,cardboard,metal,8
nguyen_2026_handcrafted_xgboost,Nguyen et al. 2026,XGBoost,validation,cardboard,paper,8
nguyen_2026_handcrafted_xgboost,Nguyen et al. 2026,XGBoost,validation,cardboard,plastic,10
nguyen_2026_handcrafted_xgboost,Nguyen et al. 2026,XGBoost,validation,cardboard,shoes,8
nguyen_2026_handcrafted_xgboost,Nguyen et al. 2026,XGBoost,validation,cardboard,trash,4
nguyen_2026_handcrafted_xgboost,Nguyen et al. 2026,XGBoost,validation,clothes,biological,2
nguyen_2026_handcrafted_xgboost,Nguyen et al. 2026,XGBoost,validation,clothes,cardboard,4
nguyen_2026_handcrafted_xgboost,Nguyen et al. 2026,XGBoost,validation,clothes,clothes,248
nguyen_2026_handcrafted_xgboost,Nguyen et al. 2026,XGBoost,validation,clothes,glass,2
nguyen_2026_handcrafted_xgboost,Nguyen et al. 2026,XGBoost,validation,clothes,paper,6
nguyen_2026_handcrafted_xgboost,Nguyen et al. 2026,XGBoost,validation,clothes,plastic,6
nguyen_2026_handcrafted_xgboost,Nguyen et al. 2026,XGBoost,validation,clothes,shoes,16
nguyen_2026_handcrafted_xgboost,Nguyen et al. 2026,XGBoost,validation,glass,battery,2
nguyen_2026_handcrafted_xgboost,Nguyen et al. 2026,XGBoost,validation,glass,biological,3
nguyen_2026_handcrafted_xgboost,Nguyen et al. 2026,XGBoost,validation,glass,cardboard,6
nguyen_2026_handcrafted_xgboost,Nguyen et al. 2026,XGBoost,validation,glass,clothes,9
nguyen_2026_handcrafted_xgboost,Nguyen et al. 2026,XGBoost,validation,glass,glass,163
nguyen_2026_handcrafted_xgboost,Nguyen et al. 2026,XGBoost,validation,glass,metal,18
nguyen_2026_handcrafted_xgboost,Nguyen et al. 2026,XGBoost,validation,glass,paper,14
nguyen_2026_handcrafted_xgboost,Nguyen et al. 2026,XGBoost,validation,glass,plastic,27
nguyen_2026_handcrafted_xgboost,Nguyen et al. 2026,XGBoost,validation,glass,shoes,13
nguyen_2026_handcrafted_xgboost,Nguyen et al. 2026,XGBoost,validation,glass,trash,5
nguyen_2026_handcrafted_xgboost,Nguyen et al. 2026,XGBoost,validation,metal,battery,4
nguyen_2026_handcrafted_xgboost,Nguyen et al. 2026,XGBoost,validation,metal,biological,6
nguyen_2026_handcrafted_xgboost,Nguyen et al. 2026,XGBoost,validation,metal,cardboard,2
nguyen_2026_handcrafted_xgboost,Nguyen et al. 2026,XGBoost,validation,metal,clothes,9
nguyen_2026_handcrafted_xgboost,Nguyen et al. 2026,XGBoost,validation,metal,glass,9
nguyen_2026_handcrafted_xgboost,Nguyen et al. 2026,XGBoost,validation,metal,metal,89
nguyen_2026_handcrafted_xgboost,Nguyen et al. 2026,XGBoost,validation,metal,paper,6
nguyen_2026_handcrafted_xgboost,Nguyen et al. 2026,XGBoost,validation,metal,plastic,7
nguyen_2026_handcrafted_xgboost,Nguyen et al. 2026,XGBoost,validation,metal,shoes,5
nguyen_2026_handcrafted_xgboost,Nguyen et al. 2026,XGBoost,validation,metal,trash,3
nguyen_2026_handcrafted_xgboost,Nguyen et al. 2026,XGBoost,validation,paper,battery,1
nguyen_2026_handcrafted_xgboost,Nguyen et al. 2026,XGBoost,validation,paper,biological,4
nguyen_2026_handcrafted_xgboost,Nguyen et al. 2026,XGBoost,validation,paper,cardboard,9
nguyen_2026_handcrafted_xgboost,Nguyen et al. 2026,XGBoost,validation,paper,clothes,9
nguyen_2026_handcrafted_xgboost,Nguyen et al. 2026,XGBoost,validation,paper,glass,3
nguyen_2026_handcrafted_xgboost,Nguyen et al. 2026,XGBoost,validation,paper,metal,13
nguyen_2026_handcrafted_xgboost,Nguyen et al. 2026,XGBoost,validation,paper,paper,140
nguyen_2026_handcrafted_xgboost,Nguyen et al. 2026,XGBoost,validation,paper,plastic,6
nguyen_2026_handcrafted_xgboost,Nguyen et al. 2026,XGBoost,validation,paper,shoes,6
nguyen_2026_handcrafted_xgboost,Nguyen et al. 2026,XGBoost,validation,paper,trash,9
nguyen_2026_handcrafted_xgboost,Nguyen et al. 2026,XGBoost,validation,plastic,battery,1
nguyen_2026_handcrafted_xgboost,Nguyen et al. 2026,XGBoost,validation,plastic,biological,1
nguyen_2026_handcrafted_xgboost,Nguyen et al. 2026,XGBoost,validation,plastic,cardboard,15
nguyen_2026_handcrafted_xgboost,Nguyen et al. 2026,XGBoost,validation,plastic,clothes,20
nguyen_2026_handcrafted_xgboost,Nguyen et al. 2026,XGBoost,validation,plastic,glass,23
nguyen_2026_handcrafted_xgboost,Nguyen et al. 2026,XGBoost,validation,plastic,metal,15
nguyen_2026_handcrafted_xgboost,Nguyen et al. 2026,XGBoost,validation,plastic,paper,18
nguyen_2026_handcrafted_xgboost,Nguyen et al. 2026,XGBoost,validation,plastic,plastic,135
nguyen_2026_handcrafted_xgboost,Nguyen et al. 2026,XGBoost,validation,plastic,shoes,5
nguyen_2026_handcrafted_xgboost,Nguyen et al. 2026,XGBoost,validation,plastic,trash,7
nguyen_2026_handcrafted_xgboost,Nguyen et al. 2026,XGBoost,validation,shoes,battery,16
nguyen_2026_handcrafted_xgboost,Nguyen et al. 2026,XGBoost,validation,shoes,biological,14
nguyen_2026_handcrafted_xgboost,Nguyen et al. 2026,XGBoost,validation,shoes,cardboard,7
nguyen_2026_handcrafted_xgboost,Nguyen et al. 2026,XGBoost,validation,shoes,clothes,21
nguyen_2026_handcrafted_xgboost,Nguyen et al. 2026,XGBoost,validation,shoes,glass,5
nguyen_2026_handcrafted_xgboost,Nguyen et al. 2026,XGBoost,validation,shoes,metal,9
nguyen_2026_handcrafted_xgboost,Nguyen et al. 2026,XGBoost,validation,shoes,paper,9
nguyen_2026_handcrafted_xgboost,Nguyen et al. 2026,XGBoost,validation,shoes,plastic,4
nguyen_2026_handcrafted_xgboost,Nguyen et al. 2026,XGBoost,validation,shoes,shoes,130
nguyen_2026_handcrafted_xgboost,Nguyen et al. 2026,XGBoost,validation,shoes,trash,2
nguyen_2026_handcrafted_xgboost,Nguyen et al. 2026,XGBoost,validation,trash,biological,2
nguyen_2026_handcrafted_xgboost,Nguyen et al. 2026,XGBoost,validation,trash,cardboard,1
nguyen_2026_handcrafted_xgboost,Nguyen et al. 2026,XGBoost,validation,trash,clothes,1
nguyen_2026_handcrafted_xgboost,Nguyen et al. 2026,XGBoost,validation,trash,glass,2
nguyen_2026_handcrafted_xgboost,Nguyen et al. 2026,XGBoost,validation,trash,metal,4
nguyen_2026_handcrafted_xgboost,Nguyen et al. 2026,XGBoost,validation,trash,paper,3
nguyen_2026_handcrafted_xgboost,Nguyen et al. 2026,XGBoost,validation,trash,plastic,6
nguyen_2026_handcrafted_xgboost,Nguyen et al. 2026,XGBoost,validation,trash,shoes,2
nguyen_2026_handcrafted_xgboost,Nguyen et al. 2026,XGBoost,validation,trash,trash,47
mboli_ogungbemi_2026_rgb_pca_random_forest,Mboli & Ogungbemi 2026,PCA_RandomForest,validation,battery,battery,65
mboli_ogungbemi_2026_rgb_pca_random_forest,Mboli & Ogungbemi 2026,PCA_RandomForest,validation,battery,cardboard,7
mboli_ogungbemi_2026_rgb_pca_random_forest,Mboli & Ogungbemi 2026,PCA_RandomForest,validation,battery,clothes,2
mboli_ogungbemi_2026_rgb_pca_random_forest,Mboli & Ogungbemi 2026,PCA_RandomForest,validation,battery,glass,14
mboli_ogungbemi_2026_rgb_pca_random_forest,Mboli & Ogungbemi 2026,PCA_RandomForest,validation,battery,metal,1
mboli_ogungbemi_2026_rgb_pca_random_forest,Mboli & Ogungbemi 2026,PCA_RandomForest,validation,battery,paper,3
mboli_ogungbemi_2026_rgb_pca_random_forest,Mboli & Ogungbemi 2026,PCA_RandomForest,validation,battery,plastic,4
mboli_ogungbemi_2026_rgb_pca_random_forest,Mboli & Ogungbemi 2026,PCA_RandomForest,validation,battery,shoes,15
mboli_ogungbemi_2026_rgb_pca_random_forest,Mboli & Ogungbemi 2026,PCA_RandomForest,validation,battery,trash,2
mboli_ogungbemi_2026_rgb_pca_random_forest,Mboli & Ogungbemi 2026,PCA_RandomForest,validation,biological,biological,57
mboli_ogungbemi_2026_rgb_pca_random_forest,Mboli & Ogungbemi 2026,PCA_RandomForest,validation,biological,cardboard,8
mboli_ogungbemi_2026_rgb_pca_random_forest,Mboli & Ogungbemi 2026,PCA_RandomForest,validation,biological,clothes,9
mboli_ogungbemi_2026_rgb_pca_random_forest,Mboli & Ogungbemi 2026,PCA_RandomForest,validation,biological,glass,7
mboli_ogungbemi_2026_rgb_pca_random_forest,Mboli & Ogungbemi 2026,PCA_RandomForest,validation,biological,metal,3
mboli_ogungbemi_2026_rgb_pca_random_forest,Mboli & Ogungbemi 2026,PCA_RandomForest,validation,biological,paper,7
mboli_ogungbemi_2026_rgb_pca_random_forest,Mboli & Ogungbemi 2026,PCA_RandomForest,validation,biological,plastic,5
mboli_ogungbemi_2026_rgb_pca_random_forest,Mboli & Ogungbemi 2026,PCA_RandomForest,validation,biological,shoes,9
mboli_ogungbemi_2026_rgb_pca_random_forest,Mboli & Ogungbemi 2026,PCA_RandomForest,validation,cardboard,battery,4
mboli_ogungbemi_2026_rgb_pca_random_forest,Mboli & Ogungbemi 2026,PCA_RandomForest,validation,cardboard,biological,5
mboli_ogungbemi_2026_rgb_pca_random_forest,Mboli & Ogungbemi 2026,PCA_RandomForest,validation,cardboard,cardboard,123
mboli_ogungbemi_2026_rgb_pca_random_forest,Mboli & Ogungbemi 2026,PCA_RandomForest,validation,cardboard,clothes,15
mboli_ogungbemi_2026_rgb_pca_random_forest,Mboli & Ogungbemi 2026,PCA_RandomForest,validation,cardboard,glass,15
mboli_ogungbemi_2026_rgb_pca_random_forest,Mboli & Ogungbemi 2026,PCA_RandomForest,validation,cardboard,metal,8
mboli_ogungbemi_2026_rgb_pca_random_forest,Mboli & Ogungbemi 2026,PCA_RandomForest,validation,cardboard,paper,14
mboli_ogungbemi_2026_rgb_pca_random_forest,Mboli & Ogungbemi 2026,PCA_RandomForest,validation,cardboard,plastic,11
mboli_ogungbemi_2026_rgb_pca_random_forest,Mboli & Ogungbemi 2026,PCA_RandomForest,validation,cardboard,shoes,16
mboli_ogungbemi_2026_rgb_pca_random_forest,Mboli & Ogungbemi 2026,PCA_RandomForest,validation,cardboard,trash,1
mboli_ogungbemi_2026_rgb_pca_random_forest,Mboli & Ogungbemi 2026,PCA_RandomForest,validation,clothes,biological,2
mboli_ogungbemi_2026_rgb_pca_random_forest,Mboli & Ogungbemi 2026,PCA_RandomForest,validation,clothes,cardboard,1
mboli_ogungbemi_2026_rgb_pca_random_forest,Mboli & Ogungbemi 2026,PCA_RandomForest,validation,clothes,clothes,266
mboli_ogungbemi_2026_rgb_pca_random_forest,Mboli & Ogungbemi 2026,PCA_RandomForest,validation,clothes,glass,4
mboli_ogungbemi_2026_rgb_pca_random_forest,Mboli & Ogungbemi 2026,PCA_RandomForest,validation,clothes,plastic,10
mboli_ogungbemi_2026_rgb_pca_random_forest,Mboli & Ogungbemi 2026,PCA_RandomForest,validation,clothes,shoes,1
mboli_ogungbemi_2026_rgb_pca_random_forest,Mboli & Ogungbemi 2026,PCA_RandomForest,validation,glass,battery,2
mboli_ogungbemi_2026_rgb_pca_random_forest,Mboli & Ogungbemi 2026,PCA_RandomForest,validation,glass,cardboard,11
mboli_ogungbemi_2026_rgb_pca_random_forest,Mboli & Ogungbemi 2026,PCA_RandomForest,validation,glass,clothes,19
mboli_ogungbemi_2026_rgb_pca_random_forest,Mboli & Ogungbemi 2026,PCA_RandomForest,validation,glass,glass,143
mboli_ogungbemi_2026_rgb_pca_random_forest,Mboli & Ogungbemi 2026,PCA_RandomForest,validation,glass,metal,5
mboli_ogungbemi_2026_rgb_pca_random_forest,Mboli & Ogungbemi 2026,PCA_RandomForest,validation,glass,paper,15
mboli_ogungbemi_2026_rgb_pca_random_forest,Mboli & Ogungbemi 2026,PCA_RandomForest,validation,glass,plastic,45
mboli_ogungbemi_2026_rgb_pca_random_forest,Mboli & Ogungbemi 2026,PCA_RandomForest,validation,glass,shoes,19
mboli_ogungbemi_2026_rgb_pca_random_forest,Mboli & Ogungbemi 2026,PCA_RandomForest,validation,glass,trash,1
mboli_ogungbemi_2026_rgb_pca_random_forest,Mboli & Ogungbemi 2026,PCA_RandomForest,validation,metal,battery,7
mboli_ogungbemi_2026_rgb_pca_random_forest,Mboli & Ogungbemi 2026,PCA_RandomForest,validation,metal,biological,3
mboli_ogungbemi_2026_rgb_pca_random_forest,Mboli & Ogungbemi 2026,PCA_RandomForest,validation,metal,cardboard,13
mboli_ogungbemi_2026_rgb_pca_random_forest,Mboli & Ogungbemi 2026,PCA_RandomForest,validation,metal,clothes,22
mboli_ogungbemi_2026_rgb_pca_random_forest,Mboli & Ogungbemi 2026,PCA_RandomForest,validation,metal,glass,21
mboli_ogungbemi_2026_rgb_pca_random_forest,Mboli & Ogungbemi 2026,PCA_RandomForest,validation,metal,metal,30
mboli_ogungbemi_2026_rgb_pca_random_forest,Mboli & Ogungbemi 2026,PCA_RandomForest,validation,metal,paper,17
mboli_ogungbemi_2026_rgb_pca_random_forest,Mboli & Ogungbemi 2026,PCA_RandomForest,validation,metal,plastic,18
mboli_ogungbemi_2026_rgb_pca_random_forest,Mboli & Ogungbemi 2026,PCA_RandomForest,validation,metal,shoes,8
mboli_ogungbemi_2026_rgb_pca_random_forest,Mboli & Ogungbemi 2026,PCA_RandomForest,validation,metal,trash,1
mboli_ogungbemi_2026_rgb_pca_random_forest,Mboli & Ogungbemi 2026,PCA_RandomForest,validation,paper,biological,9
mboli_ogungbemi_2026_rgb_pca_random_forest,Mboli & Ogungbemi 2026,PCA_RandomForest,validation,paper,cardboard,8
mboli_ogungbemi_2026_rgb_pca_random_forest,Mboli & Ogungbemi 2026,PCA_RandomForest,validation,paper,clothes,34
mboli_ogungbemi_2026_rgb_pca_random_forest,Mboli & Ogungbemi 2026,PCA_RandomForest,validation,paper,glass,17
mboli_ogungbemi_2026_rgb_pca_random_forest,Mboli & Ogungbemi 2026,PCA_RandomForest,validation,paper,metal,10
mboli_ogungbemi_2026_rgb_pca_random_forest,Mboli & Ogungbemi 2026,PCA_RandomForest,validation,paper,paper,90
mboli_ogungbemi_2026_rgb_pca_random_forest,Mboli & Ogungbemi 2026,PCA_RandomForest,validation,paper,plastic,23
mboli_ogungbemi_2026_rgb_pca_random_forest,Mboli & Ogungbemi 2026,PCA_RandomForest,validation,paper,shoes,5
mboli_ogungbemi_2026_rgb_pca_random_forest,Mboli & Ogungbemi 2026,PCA_RandomForest,validation,paper,trash,4
mboli_ogungbemi_2026_rgb_pca_random_forest,Mboli & Ogungbemi 2026,PCA_RandomForest,validation,plastic,battery,1
mboli_ogungbemi_2026_rgb_pca_random_forest,Mboli & Ogungbemi 2026,PCA_RandomForest,validation,plastic,biological,3
mboli_ogungbemi_2026_rgb_pca_random_forest,Mboli & Ogungbemi 2026,PCA_RandomForest,validation,plastic,cardboard,24
mboli_ogungbemi_2026_rgb_pca_random_forest,Mboli & Ogungbemi 2026,PCA_RandomForest,validation,plastic,clothes,31
mboli_ogungbemi_2026_rgb_pca_random_forest,Mboli & Ogungbemi 2026,PCA_RandomForest,validation,plastic,glass,24
mboli_ogungbemi_2026_rgb_pca_random_forest,Mboli & Ogungbemi 2026,PCA_RandomForest,validation,plastic,metal,6
mboli_ogungbemi_2026_rgb_pca_random_forest,Mboli & Ogungbemi 2026,PCA_RandomForest,validation,plastic,paper,18
mboli_ogungbemi_2026_rgb_pca_random_forest,Mboli & Ogungbemi 2026,PCA_RandomForest,validation,plastic,plastic,123
mboli_ogungbemi_2026_rgb_pca_random_forest,Mboli & Ogungbemi 2026,PCA_RandomForest,validation,plastic,shoes,6
mboli_ogungbemi_2026_rgb_pca_random_forest,Mboli & Ogungbemi 2026,PCA_RandomForest,validation,plastic,trash,4
mboli_ogungbemi_2026_rgb_pca_random_forest,Mboli & Ogungbemi 2026,PCA_RandomForest,validation,shoes,battery,8
mboli_ogungbemi_2026_rgb_pca_random_forest,Mboli & Ogungbemi 2026,PCA_RandomForest,validation,shoes,biological,3
mboli_ogungbemi_2026_rgb_pca_random_forest,Mboli & Ogungbemi 2026,PCA_RandomForest,validation,shoes,cardboard,12
mboli_ogungbemi_2026_rgb_pca_random_forest,Mboli & Ogungbemi 2026,PCA_RandomForest,validation,shoes,clothes,45
mboli_ogungbemi_2026_rgb_pca_random_forest,Mboli & Ogungbemi 2026,PCA_RandomForest,validation,shoes,glass,14
mboli_ogungbemi_2026_rgb_pca_random_forest,Mboli & Ogungbemi 2026,PCA_RandomForest,validation,shoes,metal,7
mboli_ogungbemi_2026_rgb_pca_random_forest,Mboli & Ogungbemi 2026,PCA_RandomForest,validation,shoes,paper,14
mboli_ogungbemi_2026_rgb_pca_random_forest,Mboli & Ogungbemi 2026,PCA_RandomForest,validation,shoes,plastic,14
mboli_ogungbemi_2026_rgb_pca_random_forest,Mboli & Ogungbemi 2026,PCA_RandomForest,validation,shoes,shoes,97
mboli_ogungbemi_2026_rgb_pca_random_forest,Mboli & Ogungbemi 2026,PCA_RandomForest,validation,shoes,trash,3
mboli_ogungbemi_2026_rgb_pca_random_forest,Mboli & Ogungbemi 2026,PCA_RandomForest,validation,trash,battery,2
mboli_ogungbemi_2026_rgb_pca_random_forest,Mboli & Ogungbemi 2026,PCA_RandomForest,validation,trash,clothes,7
mboli_ogungbemi_2026_rgb_pca_random_forest,Mboli & Ogungbemi 2026,PCA_RandomForest,validation,trash,glass,15
mboli_ogungbemi_2026_rgb_pca_random_forest,Mboli & Ogungbemi 2026,PCA_RandomForest,validation,trash,metal,6
mboli_ogungbemi_2026_rgb_pca_random_forest,Mboli & Ogungbemi 2026,PCA_RandomForest,validation,trash,paper,6
mboli_ogungbemi_2026_rgb_pca_random_forest,Mboli & Ogungbemi 2026,PCA_RandomForest,validation,trash,plastic,11
mboli_ogungbemi_2026_rgb_pca_random_forest,Mboli & Ogungbemi 2026,PCA_RandomForest,validation,trash,trash,21
mboli_ogungbemi_2026_rgb_pca_rbf_svm,Mboli & Ogungbemi 2026,PCA_RBF_SVM,validation,battery,battery,79
mboli_ogungbemi_2026_rgb_pca_rbf_svm,Mboli & Ogungbemi 2026,PCA_RBF_SVM,validation,battery,biological,2
mboli_ogungbemi_2026_rgb_pca_rbf_svm,Mboli & Ogungbemi 2026,PCA_RBF_SVM,validation,battery,cardboard,7
mboli_ogungbemi_2026_rgb_pca_rbf_svm,Mboli & Ogungbemi 2026,PCA_RBF_SVM,validation,battery,clothes,1
mboli_ogungbemi_2026_rgb_pca_rbf_svm,Mboli & Ogungbemi 2026,PCA_RBF_SVM,validation,battery,glass,1
mboli_ogungbemi_2026_rgb_pca_rbf_svm,Mboli & Ogungbemi 2026,PCA_RBF_SVM,validation,battery,metal,3
mboli_ogungbemi_2026_rgb_pca_rbf_svm,Mboli & Ogungbemi 2026,PCA_RBF_SVM,validation,battery,plastic,2
mboli_ogungbemi_2026_rgb_pca_rbf_svm,Mboli & Ogungbemi 2026,PCA_RBF_SVM,validation,battery,shoes,12
mboli_ogungbemi_2026_rgb_pca_rbf_svm,Mboli & Ogungbemi 2026,PCA_RBF_SVM,validation,battery,trash,6
mboli_ogungbemi_2026_rgb_pca_rbf_svm,Mboli & Ogungbemi 2026,PCA_RBF_SVM,validation,biological,biological,71
mboli_ogungbemi_2026_rgb_pca_rbf_svm,Mboli & Ogungbemi 2026,PCA_RBF_SVM,validation,biological,cardboard,5
mboli_ogungbemi_2026_rgb_pca_rbf_svm,Mboli & Ogungbemi 2026,PCA_RBF_SVM,validation,biological,clothes,1
mboli_ogungbemi_2026_rgb_pca_rbf_svm,Mboli & Ogungbemi 2026,PCA_RBF_SVM,validation,biological,glass,6
mboli_ogungbemi_2026_rgb_pca_rbf_svm,Mboli & Ogungbemi 2026,PCA_RBF_SVM,validation,biological,metal,5
mboli_ogungbemi_2026_rgb_pca_rbf_svm,Mboli & Ogungbemi 2026,PCA_RBF_SVM,validation,biological,paper,4
mboli_ogungbemi_2026_rgb_pca_rbf_svm,Mboli & Ogungbemi 2026,PCA_RBF_SVM,validation,biological,plastic,5
mboli_ogungbemi_2026_rgb_pca_rbf_svm,Mboli & Ogungbemi 2026,PCA_RBF_SVM,validation,biological,shoes,6
mboli_ogungbemi_2026_rgb_pca_rbf_svm,Mboli & Ogungbemi 2026,PCA_RBF_SVM,validation,biological,trash,2
mboli_ogungbemi_2026_rgb_pca_rbf_svm,Mboli & Ogungbemi 2026,PCA_RBF_SVM,validation,cardboard,battery,6
mboli_ogungbemi_2026_rgb_pca_rbf_svm,Mboli & Ogungbemi 2026,PCA_RBF_SVM,validation,cardboard,biological,18
mboli_ogungbemi_2026_rgb_pca_rbf_svm,Mboli & Ogungbemi 2026,PCA_RBF_SVM,validation,cardboard,cardboard,115
mboli_ogungbemi_2026_rgb_pca_rbf_svm,Mboli & Ogungbemi 2026,PCA_RBF_SVM,validation,cardboard,clothes,3
mboli_ogungbemi_2026_rgb_pca_rbf_svm,Mboli & Ogungbemi 2026,PCA_RBF_SVM,validation,cardboard,glass,12
mboli_ogungbemi_2026_rgb_pca_rbf_svm,Mboli & Ogungbemi 2026,PCA_RBF_SVM,validation,cardboard,metal,16
mboli_ogungbemi_2026_rgb_pca_rbf_svm,Mboli & Ogungbemi 2026,PCA_RBF_SVM,validation,cardboard,paper,12
mboli_ogungbemi_2026_rgb_pca_rbf_svm,Mboli & Ogungbemi 2026,PCA_RBF_SVM,validation,cardboard,plastic,11
mboli_ogungbemi_2026_rgb_pca_rbf_svm,Mboli & Ogungbemi 2026,PCA_RBF_SVM,validation,cardboard,shoes,12
mboli_ogungbemi_2026_rgb_pca_rbf_svm,Mboli & Ogungbemi 2026,PCA_RBF_SVM,validation,cardboard,trash,7
mboli_ogungbemi_2026_rgb_pca_rbf_svm,Mboli & Ogungbemi 2026,PCA_RBF_SVM,validation,clothes,battery,1
mboli_ogungbemi_2026_rgb_pca_rbf_svm,Mboli & Ogungbemi 2026,PCA_RBF_SVM,validation,clothes,biological,8
mboli_ogungbemi_2026_rgb_pca_rbf_svm,Mboli & Ogungbemi 2026,PCA_RBF_SVM,validation,clothes,cardboard,1
mboli_ogungbemi_2026_rgb_pca_rbf_svm,Mboli & Ogungbemi 2026,PCA_RBF_SVM,validation,clothes,clothes,223
mboli_ogungbemi_2026_rgb_pca_rbf_svm,Mboli & Ogungbemi 2026,PCA_RBF_SVM,validation,clothes,glass,1
mboli_ogungbemi_2026_rgb_pca_rbf_svm,Mboli & Ogungbemi 2026,PCA_RBF_SVM,validation,clothes,metal,1
mboli_ogungbemi_2026_rgb_pca_rbf_svm,Mboli & Ogungbemi 2026,PCA_RBF_SVM,validation,clothes,paper,12
mboli_ogungbemi_2026_rgb_pca_rbf_svm,Mboli & Ogungbemi 2026,PCA_RBF_SVM,validation,clothes,plastic,23
mboli_ogungbemi_2026_rgb_pca_rbf_svm,Mboli & Ogungbemi 2026,PCA_RBF_SVM,validation,clothes,shoes,9
mboli_ogungbemi_2026_rgb_pca_rbf_svm,Mboli & Ogungbemi 2026,PCA_RBF_SVM,validation,clothes,trash,5
mboli_ogungbemi_2026_rgb_pca_rbf_svm,Mboli & Ogungbemi 2026,PCA_RBF_SVM,validation,glass,battery,1
mboli_ogungbemi_2026_rgb_pca_rbf_svm,Mboli & Ogungbemi 2026,PCA_RBF_SVM,validation,glass,biological,2
mboli_ogungbemi_2026_rgb_pca_rbf_svm,Mboli & Ogungbemi 2026,PCA_RBF_SVM,validation,glass,cardboard,10
mboli_ogungbemi_2026_rgb_pca_rbf_svm,Mboli & Ogungbemi 2026,PCA_RBF_SVM,validation,glass,clothes,3
mboli_ogungbemi_2026_rgb_pca_rbf_svm,Mboli & Ogungbemi 2026,PCA_RBF_SVM,validation,glass,glass,115
mboli_ogungbemi_2026_rgb_pca_rbf_svm,Mboli & Ogungbemi 2026,PCA_RBF_SVM,validation,glass,metal,18
mboli_ogungbemi_2026_rgb_pca_rbf_svm,Mboli & Ogungbemi 2026,PCA_RBF_SVM,validation,glass,paper,28
mboli_ogungbemi_2026_rgb_pca_rbf_svm,Mboli & Ogungbemi 2026,PCA_RBF_SVM,validation,glass,plastic,40
mboli_ogungbemi_2026_rgb_pca_rbf_svm,Mboli & Ogungbemi 2026,PCA_RBF_SVM,validation,glass,shoes,21
mboli_ogungbemi_2026_rgb_pca_rbf_svm,Mboli & Ogungbemi 2026,PCA_RBF_SVM,validation,glass,trash,22
mboli_ogungbemi_2026_rgb_pca_rbf_svm,Mboli & Ogungbemi 2026,PCA_RBF_SVM,validation,metal,battery,7
mboli_ogungbemi_2026_rgb_pca_rbf_svm,Mboli & Ogungbemi 2026,PCA_RBF_SVM,validation,metal,biological,7
mboli_ogungbemi_2026_rgb_pca_rbf_svm,Mboli & Ogungbemi 2026,PCA_RBF_SVM,validation,metal,cardboard,7
mboli_ogungbemi_2026_rgb_pca_rbf_svm,Mboli & Ogungbemi 2026,PCA_RBF_SVM,validation,metal,clothes,9
mboli_ogungbemi_2026_rgb_pca_rbf_svm,Mboli & Ogungbemi 2026,PCA_RBF_SVM,validation,metal,glass,4
mboli_ogungbemi_2026_rgb_pca_rbf_svm,Mboli & Ogungbemi 2026,PCA_RBF_SVM,validation,metal,metal,63
mboli_ogungbemi_2026_rgb_pca_rbf_svm,Mboli & Ogungbemi 2026,PCA_RBF_SVM,validation,metal,paper,8
mboli_ogungbemi_2026_rgb_pca_rbf_svm,Mboli & Ogungbemi 2026,PCA_RBF_SVM,validation,metal,plastic,13
mboli_ogungbemi_2026_rgb_pca_rbf_svm,Mboli & Ogungbemi 2026,PCA_RBF_SVM,validation,metal,shoes,11
mboli_ogungbemi_2026_rgb_pca_rbf_svm,Mboli & Ogungbemi 2026,PCA_RBF_SVM,validation,metal,trash,11
mboli_ogungbemi_2026_rgb_pca_rbf_svm,Mboli & Ogungbemi 2026,PCA_RBF_SVM,validation,paper,biological,9
mboli_ogungbemi_2026_rgb_pca_rbf_svm,Mboli & Ogungbemi 2026,PCA_RBF_SVM,validation,paper,cardboard,6
mboli_ogungbemi_2026_rgb_pca_rbf_svm,Mboli & Ogungbemi 2026,PCA_RBF_SVM,validation,paper,clothes,17
mboli_ogungbemi_2026_rgb_pca_rbf_svm,Mboli & Ogungbemi 2026,PCA_RBF_SVM,validation,paper,glass,7
mboli_ogungbemi_2026_rgb_pca_rbf_svm,Mboli & Ogungbemi 2026,PCA_RBF_SVM,validation,paper,metal,17
mboli_ogungbemi_2026_rgb_pca_rbf_svm,Mboli & Ogungbemi 2026,PCA_RBF_SVM,validation,paper,paper,101
mboli_ogungbemi_2026_rgb_pca_rbf_svm,Mboli & Ogungbemi 2026,PCA_RBF_SVM,validation,paper,plastic,14
mboli_ogungbemi_2026_rgb_pca_rbf_svm,Mboli & Ogungbemi 2026,PCA_RBF_SVM,validation,paper,shoes,7
mboli_ogungbemi_2026_rgb_pca_rbf_svm,Mboli & Ogungbemi 2026,PCA_RBF_SVM,validation,paper,trash,22
mboli_ogungbemi_2026_rgb_pca_rbf_svm,Mboli & Ogungbemi 2026,PCA_RBF_SVM,validation,plastic,battery,3
mboli_ogungbemi_2026_rgb_pca_rbf_svm,Mboli & Ogungbemi 2026,PCA_RBF_SVM,validation,plastic,biological,4
mboli_ogungbemi_2026_rgb_pca_rbf_svm,Mboli & Ogungbemi 2026,PCA_RBF_SVM,validation,plastic,cardboard,18
mboli_ogungbemi_2026_rgb_pca_rbf_svm,Mboli & Ogungbemi 2026,PCA_RBF_SVM,validation,plastic,clothes,10
mboli_ogungbemi_2026_rgb_pca_rbf_svm,Mboli & Ogungbemi 2026,PCA_RBF_SVM,validation,plastic,glass,19
mboli_ogungbemi_2026_rgb_pca_rbf_svm,Mboli & Ogungbemi 2026,PCA_RBF_SVM,validation,plastic,metal,18
mboli_ogungbemi_2026_rgb_pca_rbf_svm,Mboli & Ogungbemi 2026,PCA_RBF_SVM,validation,plastic,paper,24
mboli_ogungbemi_2026_rgb_pca_rbf_svm,Mboli & Ogungbemi 2026,PCA_RBF_SVM,validation,plastic,plastic,126
mboli_ogungbemi_2026_rgb_pca_rbf_svm,Mboli & Ogungbemi 2026,PCA_RBF_SVM,validation,plastic,shoes,3
mboli_ogungbemi_2026_rgb_pca_rbf_svm,Mboli & Ogungbemi 2026,PCA_RBF_SVM,validation,plastic,trash,15
mboli_ogungbemi_2026_rgb_pca_rbf_svm,Mboli & Ogungbemi 2026,PCA_RBF_SVM,validation,shoes,battery,19
mboli_ogungbemi_2026_rgb_pca_rbf_svm,Mboli & Ogungbemi 2026,PCA_RBF_SVM,validation,shoes,biological,17
mboli_ogungbemi_2026_rgb_pca_rbf_svm,Mboli & Ogungbemi 2026,PCA_RBF_SVM,validation,shoes,cardboard,9
mboli_ogungbemi_2026_rgb_pca_rbf_svm,Mboli & Ogungbemi 2026,PCA_RBF_SVM,validation,shoes,clothes,19
mboli_ogungbemi_2026_rgb_pca_rbf_svm,Mboli & Ogungbemi 2026,PCA_RBF_SVM,validation,shoes,glass,11
mboli_ogungbemi_2026_rgb_pca_rbf_svm,Mboli & Ogungbemi 2026,PCA_RBF_SVM,validation,shoes,metal,14
mboli_ogungbemi_2026_rgb_pca_rbf_svm,Mboli & Ogungbemi 2026,PCA_RBF_SVM,validation,shoes,paper,11
mboli_ogungbemi_2026_rgb_pca_rbf_svm,Mboli & Ogungbemi 2026,PCA_RBF_SVM,validation,shoes,plastic,10
mboli_ogungbemi_2026_rgb_pca_rbf_svm,Mboli & Ogungbemi 2026,PCA_RBF_SVM,validation,shoes,shoes,94
mboli_ogungbemi_2026_rgb_pca_rbf_svm,Mboli & Ogungbemi 2026,PCA_RBF_SVM,validation,shoes,trash,13
mboli_ogungbemi_2026_rgb_pca_rbf_svm,Mboli & Ogungbemi 2026,PCA_RBF_SVM,validation,trash,battery,1
mboli_ogungbemi_2026_rgb_pca_rbf_svm,Mboli & Ogungbemi 2026,PCA_RBF_SVM,validation,trash,biological,1
mboli_ogungbemi_2026_rgb_pca_rbf_svm,Mboli & Ogungbemi 2026,PCA_RBF_SVM,validation,trash,cardboard,1
mboli_ogungbemi_2026_rgb_pca_rbf_svm,Mboli & Ogungbemi 2026,PCA_RBF_SVM,validation,trash,clothes,1
mboli_ogungbemi_2026_rgb_pca_rbf_svm,Mboli & Ogungbemi 2026,PCA_RBF_SVM,validation,trash,glass,2
mboli_ogungbemi_2026_rgb_pca_rbf_svm,Mboli & Ogungbemi 2026,PCA_RBF_SVM,validation,trash,metal,1
mboli_ogungbemi_2026_rgb_pca_rbf_svm,Mboli & Ogungbemi 2026,PCA_RBF_SVM,validation,trash,paper,6
mboli_ogungbemi_2026_rgb_pca_rbf_svm,Mboli & Ogungbemi 2026,PCA_RBF_SVM,validation,trash,plastic,2
mboli_ogungbemi_2026_rgb_pca_rbf_svm,Mboli & Ogungbemi 2026,PCA_RBF_SVM,validation,trash,shoes,1
mboli_ogungbemi_2026_rgb_pca_rbf_svm,Mboli & Ogungbemi 2026,PCA_RBF_SVM,validation,trash,trash,52
sen_2025_hog_lbp_linear_svm_reference,Sen et al. 2025,HOG_Texture_LinearSVM_SGD,validation,battery,battery,65
sen_2025_hog_lbp_linear_svm_reference,Sen et al. 2025,HOG_Texture_LinearSVM_SGD,validation,battery,cardboard,7
sen_2025_hog_lbp_linear_svm_reference,Sen et al. 2025,HOG_Texture_LinearSVM_SGD,validation,battery,glass,17
sen_2025_hog_lbp_linear_svm_reference,Sen et al. 2025,HOG_Texture_LinearSVM_SGD,validation,battery,metal,11
sen_2025_hog_lbp_linear_svm_reference,Sen et al. 2025,HOG_Texture_LinearSVM_SGD,validation,battery,paper,1
sen_2025_hog_lbp_linear_svm_reference,Sen et al. 2025,HOG_Texture_LinearSVM_SGD,validation,battery,plastic,4
sen_2025_hog_lbp_linear_svm_reference,Sen et al. 2025,HOG_Texture_LinearSVM_SGD,validation,battery,shoes,5
sen_2025_hog_lbp_linear_svm_reference,Sen et al. 2025,HOG_Texture_LinearSVM_SGD,validation,battery,trash,3
sen_2025_hog_lbp_linear_svm_reference,Sen et al. 2025,HOG_Texture_LinearSVM_SGD,validation,biological,battery,1
sen_2025_hog_lbp_linear_svm_reference,Sen et al. 2025,HOG_Texture_LinearSVM_SGD,validation,biological,biological,57
sen_2025_hog_lbp_linear_svm_reference,Sen et al. 2025,HOG_Texture_LinearSVM_SGD,validation,biological,cardboard,1
sen_2025_hog_lbp_linear_svm_reference,Sen et al. 2025,HOG_Texture_LinearSVM_SGD,validation,biological,clothes,2
sen_2025_hog_lbp_linear_svm_reference,Sen et al. 2025,HOG_Texture_LinearSVM_SGD,validation,biological,glass,24
sen_2025_hog_lbp_linear_svm_reference,Sen et al. 2025,HOG_Texture_LinearSVM_SGD,validation,biological,paper,3
sen_2025_hog_lbp_linear_svm_reference,Sen et al. 2025,HOG_Texture_LinearSVM_SGD,validation,biological,plastic,10
sen_2025_hog_lbp_linear_svm_reference,Sen et al. 2025,HOG_Texture_LinearSVM_SGD,validation,biological,shoes,4
sen_2025_hog_lbp_linear_svm_reference,Sen et al. 2025,HOG_Texture_LinearSVM_SGD,validation,biological,trash,3
sen_2025_hog_lbp_linear_svm_reference,Sen et al. 2025,HOG_Texture_LinearSVM_SGD,validation,cardboard,battery,9
sen_2025_hog_lbp_linear_svm_reference,Sen et al. 2025,HOG_Texture_LinearSVM_SGD,validation,cardboard,biological,1
sen_2025_hog_lbp_linear_svm_reference,Sen et al. 2025,HOG_Texture_LinearSVM_SGD,validation,cardboard,cardboard,94
sen_2025_hog_lbp_linear_svm_reference,Sen et al. 2025,HOG_Texture_LinearSVM_SGD,validation,cardboard,clothes,4
sen_2025_hog_lbp_linear_svm_reference,Sen et al. 2025,HOG_Texture_LinearSVM_SGD,validation,cardboard,glass,48
sen_2025_hog_lbp_linear_svm_reference,Sen et al. 2025,HOG_Texture_LinearSVM_SGD,validation,cardboard,metal,2
sen_2025_hog_lbp_linear_svm_reference,Sen et al. 2025,HOG_Texture_LinearSVM_SGD,validation,cardboard,paper,16
sen_2025_hog_lbp_linear_svm_reference,Sen et al. 2025,HOG_Texture_LinearSVM_SGD,validation,cardboard,plastic,29
sen_2025_hog_lbp_linear_svm_reference,Sen et al. 2025,HOG_Texture_LinearSVM_SGD,validation,cardboard,shoes,4
sen_2025_hog_lbp_linear_svm_reference,Sen et al. 2025,HOG_Texture_LinearSVM_SGD,validation,cardboard,trash,5
sen_2025_hog_lbp_linear_svm_reference,Sen et al. 2025,HOG_Texture_LinearSVM_SGD,validation,clothes,battery,1
sen_2025_hog_lbp_linear_svm_reference,Sen et al. 2025,HOG_Texture_LinearSVM_SGD,validation,clothes,biological,1
sen_2025_hog_lbp_linear_svm_reference,Sen et al. 2025,HOG_Texture_LinearSVM_SGD,validation,clothes,cardboard,4
sen_2025_hog_lbp_linear_svm_reference,Sen et al. 2025,HOG_Texture_LinearSVM_SGD,validation,clothes,clothes,207
sen_2025_hog_lbp_linear_svm_reference,Sen et al. 2025,HOG_Texture_LinearSVM_SGD,validation,clothes,glass,36
sen_2025_hog_lbp_linear_svm_reference,Sen et al. 2025,HOG_Texture_LinearSVM_SGD,validation,clothes,metal,1
sen_2025_hog_lbp_linear_svm_reference,Sen et al. 2025,HOG_Texture_LinearSVM_SGD,validation,clothes,paper,5
sen_2025_hog_lbp_linear_svm_reference,Sen et al. 2025,HOG_Texture_LinearSVM_SGD,validation,clothes,plastic,23
sen_2025_hog_lbp_linear_svm_reference,Sen et al. 2025,HOG_Texture_LinearSVM_SGD,validation,clothes,shoes,6
sen_2025_hog_lbp_linear_svm_reference,Sen et al. 2025,HOG_Texture_LinearSVM_SGD,validation,glass,battery,5
sen_2025_hog_lbp_linear_svm_reference,Sen et al. 2025,HOG_Texture_LinearSVM_SGD,validation,glass,biological,6
sen_2025_hog_lbp_linear_svm_reference,Sen et al. 2025,HOG_Texture_LinearSVM_SGD,validation,glass,cardboard,11
sen_2025_hog_lbp_linear_svm_reference,Sen et al. 2025,HOG_Texture_LinearSVM_SGD,validation,glass,clothes,10
sen_2025_hog_lbp_linear_svm_reference,Sen et al. 2025,HOG_Texture_LinearSVM_SGD,validation,glass,glass,170
sen_2025_hog_lbp_linear_svm_reference,Sen et al. 2025,HOG_Texture_LinearSVM_SGD,validation,glass,metal,8
sen_2025_hog_lbp_linear_svm_reference,Sen et al. 2025,HOG_Texture_LinearSVM_SGD,validation,glass,paper,5
sen_2025_hog_lbp_linear_svm_reference,Sen et al. 2025,HOG_Texture_LinearSVM_SGD,validation,glass,plastic,36
sen_2025_hog_lbp_linear_svm_reference,Sen et al. 2025,HOG_Texture_LinearSVM_SGD,validation,glass,shoes,2
sen_2025_hog_lbp_linear_svm_reference,Sen et al. 2025,HOG_Texture_LinearSVM_SGD,validation,glass,trash,7
sen_2025_hog_lbp_linear_svm_reference,Sen et al. 2025,HOG_Texture_LinearSVM_SGD,validation,metal,battery,7
sen_2025_hog_lbp_linear_svm_reference,Sen et al. 2025,HOG_Texture_LinearSVM_SGD,validation,metal,biological,6
sen_2025_hog_lbp_linear_svm_reference,Sen et al. 2025,HOG_Texture_LinearSVM_SGD,validation,metal,cardboard,5
sen_2025_hog_lbp_linear_svm_reference,Sen et al. 2025,HOG_Texture_LinearSVM_SGD,validation,metal,clothes,2
sen_2025_hog_lbp_linear_svm_reference,Sen et al. 2025,HOG_Texture_LinearSVM_SGD,validation,metal,glass,59
sen_2025_hog_lbp_linear_svm_reference,Sen et al. 2025,HOG_Texture_LinearSVM_SGD,validation,metal,metal,29
sen_2025_hog_lbp_linear_svm_reference,Sen et al. 2025,HOG_Texture_LinearSVM_SGD,validation,metal,paper,9
sen_2025_hog_lbp_linear_svm_reference,Sen et al. 2025,HOG_Texture_LinearSVM_SGD,validation,metal,plastic,14
sen_2025_hog_lbp_linear_svm_reference,Sen et al. 2025,HOG_Texture_LinearSVM_SGD,validation,metal,shoes,4
sen_2025_hog_lbp_linear_svm_reference,Sen et al. 2025,HOG_Texture_LinearSVM_SGD,validation,metal,trash,5
sen_2025_hog_lbp_linear_svm_reference,Sen et al. 2025,HOG_Texture_LinearSVM_SGD,validation,paper,battery,6
sen_2025_hog_lbp_linear_svm_reference,Sen et al. 2025,HOG_Texture_LinearSVM_SGD,validation,paper,biological,12
sen_2025_hog_lbp_linear_svm_reference,Sen et al. 2025,HOG_Texture_LinearSVM_SGD,validation,paper,cardboard,21
sen_2025_hog_lbp_linear_svm_reference,Sen et al. 2025,HOG_Texture_LinearSVM_SGD,validation,paper,clothes,7
sen_2025_hog_lbp_linear_svm_reference,Sen et al. 2025,HOG_Texture_LinearSVM_SGD,validation,paper,glass,47
sen_2025_hog_lbp_linear_svm_reference,Sen et al. 2025,HOG_Texture_LinearSVM_SGD,validation,paper,metal,9
sen_2025_hog_lbp_linear_svm_reference,Sen et al. 2025,HOG_Texture_LinearSVM_SGD,validation,paper,paper,64
sen_2025_hog_lbp_linear_svm_reference,Sen et al. 2025,HOG_Texture_LinearSVM_SGD,validation,paper,plastic,23
sen_2025_hog_lbp_linear_svm_reference,Sen et al. 2025,HOG_Texture_LinearSVM_SGD,validation,paper,shoes,3
sen_2025_hog_lbp_linear_svm_reference,Sen et al. 2025,HOG_Texture_LinearSVM_SGD,validation,paper,trash,8
sen_2025_hog_lbp_linear_svm_reference,Sen et al. 2025,HOG_Texture_LinearSVM_SGD,validation,plastic,biological,6
sen_2025_hog_lbp_linear_svm_reference,Sen et al. 2025,HOG_Texture_LinearSVM_SGD,validation,plastic,cardboard,19
sen_2025_hog_lbp_linear_svm_reference,Sen et al. 2025,HOG_Texture_LinearSVM_SGD,validation,plastic,clothes,6
sen_2025_hog_lbp_linear_svm_reference,Sen et al. 2025,HOG_Texture_LinearSVM_SGD,validation,plastic,glass,57
sen_2025_hog_lbp_linear_svm_reference,Sen et al. 2025,HOG_Texture_LinearSVM_SGD,validation,plastic,metal,13
sen_2025_hog_lbp_linear_svm_reference,Sen et al. 2025,HOG_Texture_LinearSVM_SGD,validation,plastic,paper,7
sen_2025_hog_lbp_linear_svm_reference,Sen et al. 2025,HOG_Texture_LinearSVM_SGD,validation,plastic,plastic,125
sen_2025_hog_lbp_linear_svm_reference,Sen et al. 2025,HOG_Texture_LinearSVM_SGD,validation,plastic,shoes,2
sen_2025_hog_lbp_linear_svm_reference,Sen et al. 2025,HOG_Texture_LinearSVM_SGD,validation,plastic,trash,5
sen_2025_hog_lbp_linear_svm_reference,Sen et al. 2025,HOG_Texture_LinearSVM_SGD,validation,shoes,battery,5
sen_2025_hog_lbp_linear_svm_reference,Sen et al. 2025,HOG_Texture_LinearSVM_SGD,validation,shoes,biological,16
sen_2025_hog_lbp_linear_svm_reference,Sen et al. 2025,HOG_Texture_LinearSVM_SGD,validation,shoes,cardboard,6
sen_2025_hog_lbp_linear_svm_reference,Sen et al. 2025,HOG_Texture_LinearSVM_SGD,validation,shoes,clothes,15
sen_2025_hog_lbp_linear_svm_reference,Sen et al. 2025,HOG_Texture_LinearSVM_SGD,validation,shoes,glass,46
sen_2025_hog_lbp_linear_svm_reference,Sen et al. 2025,HOG_Texture_LinearSVM_SGD,validation,shoes,metal,6
sen_2025_hog_lbp_linear_svm_reference,Sen et al. 2025,HOG_Texture_LinearSVM_SGD,validation,shoes,paper,4
sen_2025_hog_lbp_linear_svm_reference,Sen et al. 2025,HOG_Texture_LinearSVM_SGD,validation,shoes,plastic,13
sen_2025_hog_lbp_linear_svm_reference,Sen et al. 2025,HOG_Texture_LinearSVM_SGD,validation,shoes,shoes,101
sen_2025_hog_lbp_linear_svm_reference,Sen et al. 2025,HOG_Texture_LinearSVM_SGD,validation,shoes,trash,5
sen_2025_hog_lbp_linear_svm_reference,Sen et al. 2025,HOG_Texture_LinearSVM_SGD,validation,trash,battery,5
sen_2025_hog_lbp_linear_svm_reference,Sen et al. 2025,HOG_Texture_LinearSVM_SGD,validation,trash,biological,2
sen_2025_hog_lbp_linear_svm_reference,Sen et al. 2025,HOG_Texture_LinearSVM_SGD,validation,trash,cardboard,1
sen_2025_hog_lbp_linear_svm_reference,Sen et al. 2025,HOG_Texture_LinearSVM_SGD,validation,trash,clothes,2
sen_2025_hog_lbp_linear_svm_reference,Sen et al. 2025,HOG_Texture_LinearSVM_SGD,validation,trash,glass,21
sen_2025_hog_lbp_linear_svm_reference,Sen et al. 2025,HOG_Texture_LinearSVM_SGD,validation,trash,metal,4
sen_2025_hog_lbp_linear_svm_reference,Sen et al. 2025,HOG_Texture_LinearSVM_SGD,validation,trash,plastic,12
sen_2025_hog_lbp_linear_svm_reference,Sen et al. 2025,HOG_Texture_LinearSVM_SGD,validation,trash,shoes,2
sen_2025_hog_lbp_linear_svm_reference,Sen et al. 2025,HOG_Texture_LinearSVM_SGD,validation,trash,trash,19
