candidate_id,feature_id,model,rank_within_candidate,sklearn_rank,mean_cv_macro_f1,std_cv_macro_f1,params,search_strategy,inner_train_samples,inner_validation_samples
C3_KNN,F3_hog,KNN,1,1,0.5026534437898851,,"{""model__metric"": ""manhattan"", ""model__n_neighbors"": 9, ""model__weights"": ""distance"", ""prep"": ""Normalizer""}",train_internal_holdout_subsample,2600,1200
C3_KNN,F3_hog,KNN,2,2,0.4838719282998324,,"{""model__metric"": ""manhattan"", ""model__n_neighbors"": 1, ""model__weights"": ""uniform"", ""prep"": ""RobustScaler""}",train_internal_holdout_subsample,2600,1200
C3_KNN,F3_hog,KNN,3,3,0.44243548683305367,,"{""model__metric"": ""euclidean"", ""model__n_neighbors"": 7, ""model__weights"": ""distance"", ""prep"": ""MinMaxScaler""}",train_internal_holdout_subsample,2600,1200
C3_KNN,F3_hog,KNN,4,4,0.43238921749652637,,"{""model__metric"": ""cosine"", ""model__n_neighbors"": 9, ""model__weights"": ""distance"", ""prep"": ""MinMaxScaler""}",train_internal_holdout_subsample,2600,1200
C3_KNN,F3_hog,KNN,5,5,0.43112780164545617,,"{""model__metric"": ""cosine"", ""model__n_neighbors"": 3, ""model__weights"": ""distance"", ""prep"": ""Normalizer""}",train_internal_holdout_subsample,2600,1200
C3_KNN,F3_hog,KNN,6,6,0.4293902889721169,,"{""model__metric"": ""euclidean"", ""model__n_neighbors"": 3, ""model__weights"": ""distance"", ""prep"": ""Normalizer""}",train_internal_holdout_subsample,2600,1200
C3_KNN,F3_hog,KNN,7,7,0.4285863481250499,,"{""model__metric"": ""manhattan"", ""model__n_neighbors"": 31, ""model__weights"": ""uniform"", ""prep"": ""MinMaxScaler""}",train_internal_holdout_subsample,2600,1200
C3_KNN,F3_hog,KNN,8,8,0.4280293605393989,,"{""model__metric"": ""cosine"", ""model__n_neighbors"": 11, ""model__weights"": ""distance"", ""prep"": ""MinMaxScaler""}",train_internal_holdout_subsample,2600,1200
C3_KNN,F3_hog,KNN,9,9,0.42523777354218184,,"{""model__metric"": ""manhattan"", ""model__n_neighbors"": 31, ""model__weights"": ""uniform"", ""prep"": ""Normalizer""}",train_internal_holdout_subsample,2600,1200
C3_KNN,F3_hog,KNN,10,10,0.4083218544859387,,"{""model__metric"": ""cosine"", ""model__n_neighbors"": 9, ""model__weights"": ""uniform"", ""prep"": ""RobustScaler""}",train_internal_holdout_subsample,2600,1200
C5_KNN,F5_gist,KNN,1,1,0.45465703778641425,0.008012426918239399,"{""model__metric"": ""manhattan"", ""model__n_neighbors"": 3, ""model__weights"": ""distance"", ""prep"": ""StandardScaler""}",stratified_3fold_cv,,
C5_KNN,F5_gist,KNN,2,2,0.4526615500755544,0.006601894597590449,"{""model__metric"": ""manhattan"", ""model__n_neighbors"": 3, ""model__weights"": ""distance"", ""prep"": ""MinMaxScaler""}",stratified_3fold_cv,,
C5_KNN,F5_gist,KNN,3,3,0.4414221998542493,0.006651550455796537,"{""model__metric"": ""euclidean"", ""model__n_neighbors"": 11, ""model__weights"": ""distance"", ""prep"": ""RobustScaler""}",stratified_3fold_cv,,
C5_KNN,F5_gist,KNN,4,4,0.4407202763001468,0.010652410163310406,"{""model__metric"": ""manhattan"", ""model__n_neighbors"": 1, ""model__weights"": ""uniform"", ""prep"": ""RobustScaler""}",stratified_3fold_cv,,
C5_KNN,F5_gist,KNN,5,5,0.4403896191832692,0.008346845888617394,"{""model__metric"": ""manhattan"", ""model__n_neighbors"": 15, ""model__weights"": ""uniform"", ""prep"": ""StandardScaler""}",stratified_3fold_cv,,
C5_KNN,F5_gist,KNN,6,6,0.4394749188636092,0.007200203861655321,"{""model__metric"": ""manhattan"", ""model__n_neighbors"": 15, ""model__weights"": ""uniform"", ""prep"": ""RobustScaler""}",stratified_3fold_cv,,
C5_KNN,F5_gist,KNN,7,7,0.4386359895721858,0.0074437783836374906,"{""model__metric"": ""manhattan"", ""model__n_neighbors"": 1, ""model__weights"": ""uniform"", ""prep"": ""MinMaxScaler""}",stratified_3fold_cv,,
C5_KNN,F5_gist,KNN,8,8,0.43293041600247584,0.0023699473273055896,"{""model__metric"": ""euclidean"", ""model__n_neighbors"": 5, ""model__weights"": ""uniform"", ""prep"": ""StandardScaler""}",stratified_3fold_cv,,
C5_KNN,F5_gist,KNN,9,9,0.43183855569334995,0.006631457591013756,"{""model__metric"": ""cosine"", ""model__n_neighbors"": 15, ""model__weights"": ""uniform"", ""prep"": ""RobustScaler""}",stratified_3fold_cv,,
C5_KNN,F5_gist,KNN,10,10,0.4298345766182207,0.008383697279279545,"{""model__metric"": ""euclidean"", ""model__n_neighbors"": 5, ""model__weights"": ""uniform"", ""prep"": ""MinMaxScaler""}",stratified_3fold_cv,,
C2_LogisticRegression,F2_texture,LogisticRegression,1,1,0.4781504385782062,0.005248990356627527,"{""model__C"": 10.0, ""model__class_weight"": null, ""prep"": ""StandardScaler""}",stratified_3fold_cv,,
C2_LogisticRegression,F2_texture,LogisticRegression,2,2,0.46900165041279857,0.007288075249899966,"{""model__C"": 3.0, ""model__class_weight"": null, ""prep"": ""RobustScaler""}",stratified_3fold_cv,,
C2_LogisticRegression,F2_texture,LogisticRegression,3,3,0.46258974150636073,0.009060923032312847,"{""model__C"": 1.0, ""model__class_weight"": null, ""prep"": ""RobustScaler""}",stratified_3fold_cv,,
C2_LogisticRegression,F2_texture,LogisticRegression,4,4,0.46176904087889864,0.00816243425161815,"{""model__C"": 30.0, ""model__class_weight"": ""balanced"", ""prep"": ""StandardScaler""}",stratified_3fold_cv,,
C2_LogisticRegression,F2_texture,LogisticRegression,5,5,0.45834108638470267,0.007765908484082729,"{""model__C"": 0.3, ""model__class_weight"": null, ""prep"": ""StandardScaler""}",stratified_3fold_cv,,
C2_LogisticRegression,F2_texture,LogisticRegression,6,6,0.45316030884934166,0.008926482978286144,"{""model__C"": 0.3, ""model__class_weight"": null, ""prep"": ""RobustScaler""}",stratified_3fold_cv,,
C2_LogisticRegression,F2_texture,LogisticRegression,7,7,0.4520971087853873,0.009220944604512978,"{""model__C"": 3.0, ""model__class_weight"": ""balanced"", ""prep"": ""StandardScaler""}",stratified_3fold_cv,,
C2_LogisticRegression,F2_texture,LogisticRegression,8,8,0.4437322480320271,0.011064045711077298,"{""model__C"": 0.1, ""model__class_weight"": null, ""prep"": ""StandardScaler""}",stratified_3fold_cv,,
C2_LogisticRegression,F2_texture,LogisticRegression,9,9,0.4286850382604552,0.010781182229718236,"{""model__C"": 3.0, ""model__class_weight"": null, ""prep"": ""MinMaxScaler""}",stratified_3fold_cv,,
C2_LogisticRegression,F2_texture,LogisticRegression,10,10,0.40630920768008477,0.011034054492802125,"{""model__C"": 3.0, ""model__class_weight"": ""balanced"", ""prep"": ""MinMaxScaler""}",stratified_3fold_cv,,
C2_KNN,F2_texture,KNN,1,1,0.4660757938951592,0.004232960238815231,"{""model__metric"": ""euclidean"", ""model__n_neighbors"": 11, ""model__weights"": ""distance"", ""prep"": ""RobustScaler""}",stratified_3fold_cv,,
C2_KNN,F2_texture,KNN,2,2,0.4546526241344246,0.012582905917464112,"{""model__metric"": ""manhattan"", ""model__n_neighbors"": 15, ""model__weights"": ""uniform"", ""prep"": ""RobustScaler""}",stratified_3fold_cv,,
C2_KNN,F2_texture,KNN,3,3,0.4527640733071934,0.00941892010438136,"{""model__metric"": ""manhattan"", ""model__n_neighbors"": 15, ""model__weights"": ""uniform"", ""prep"": ""StandardScaler""}",stratified_3fold_cv,,
C2_KNN,F2_texture,KNN,4,4,0.44980399835995905,0.008124946658638424,"{""model__metric"": ""manhattan"", ""model__n_neighbors"": 3, ""model__weights"": ""distance"", ""prep"": ""StandardScaler""}",stratified_3fold_cv,,
C2_KNN,F2_texture,KNN,5,5,0.4486491906226258,0.004664107754788704,"{""model__metric"": ""cosine"", ""model__n_neighbors"": 15, ""model__weights"": ""uniform"", ""prep"": ""RobustScaler""}",stratified_3fold_cv,,
C2_KNN,F2_texture,KNN,6,6,0.4480558871655835,0.014385798387850838,"{""model__metric"": ""manhattan"", ""model__n_neighbors"": 3, ""model__weights"": ""distance"", ""prep"": ""MinMaxScaler""}",stratified_3fold_cv,,
C2_KNN,F2_texture,KNN,7,7,0.44709443539073074,0.011164086257669128,"{""model__metric"": ""euclidean"", ""model__n_neighbors"": 5, ""model__weights"": ""uniform"", ""prep"": ""StandardScaler""}",stratified_3fold_cv,,
C2_KNN,F2_texture,KNN,8,8,0.4466946485242826,0.005523059909039603,"{""model__metric"": ""euclidean"", ""model__n_neighbors"": 5, ""model__weights"": ""uniform"", ""prep"": ""MinMaxScaler""}",stratified_3fold_cv,,
C2_KNN,F2_texture,KNN,9,9,0.4416771370668598,0.015569279925269549,"{""model__metric"": ""cosine"", ""model__n_neighbors"": 3, ""model__weights"": ""uniform"", ""prep"": ""StandardScaler""}",stratified_3fold_cv,,
C2_KNN,F2_texture,KNN,10,10,0.43223357654998346,0.007948043295034866,"{""model__metric"": ""euclidean"", ""model__n_neighbors"": 3, ""model__weights"": ""uniform"", ""prep"": ""RobustScaler""}",stratified_3fold_cv,,
C1_KNN,F1_color,KNN,1,1,0.4363368984723781,,"{""model__metric"": ""cosine"", ""model__n_neighbors"": 11, ""model__weights"": ""distance"", ""prep"": ""MinMaxScaler""}",train_internal_holdout_subsample,2600,1200
C1_KNN,F1_color,KNN,2,2,0.4320752375555289,,"{""model__metric"": ""cosine"", ""model__n_neighbors"": 9, ""model__weights"": ""distance"", ""prep"": ""MinMaxScaler""}",train_internal_holdout_subsample,2600,1200
C1_KNN,F1_color,KNN,3,3,0.4147656705931343,,"{""model__metric"": ""euclidean"", ""model__n_neighbors"": 7, ""model__weights"": ""distance"", ""prep"": ""MinMaxScaler""}",train_internal_holdout_subsample,2600,1200
C1_KNN,F1_color,KNN,4,4,0.39826873835465815,,"{""model__metric"": ""manhattan"", ""model__n_neighbors"": 31, ""model__weights"": ""uniform"", ""prep"": ""MinMaxScaler""}",train_internal_holdout_subsample,2600,1200
C1_KNN,F1_color,KNN,5,5,0.38662627512494063,,"{""model__metric"": ""manhattan"", ""model__n_neighbors"": 1, ""model__weights"": ""uniform"", ""prep"": ""RobustScaler""}",train_internal_holdout_subsample,2600,1200
C1_KNN,F1_color,KNN,6,6,0.3639704513878504,,"{""model__metric"": ""cosine"", ""model__n_neighbors"": 21, ""model__weights"": ""distance"", ""prep"": ""RobustScaler""}",train_internal_holdout_subsample,2600,1200
C1_KNN,F1_color,KNN,7,7,0.3578154727538204,,"{""model__metric"": ""cosine"", ""model__n_neighbors"": 31, ""model__weights"": ""distance"", ""prep"": ""RobustScaler""}",train_internal_holdout_subsample,2600,1200
C1_KNN,F1_color,KNN,8,8,0.3438914578369743,,"{""model__metric"": ""euclidean"", ""model__n_neighbors"": 3, ""model__weights"": ""uniform"", ""prep"": ""RobustScaler""}",train_internal_holdout_subsample,2600,1200
C1_KNN,F1_color,KNN,9,9,0.34348041729433837,,"{""model__metric"": ""cosine"", ""model__n_neighbors"": 9, ""model__weights"": ""uniform"", ""prep"": ""RobustScaler""}",train_internal_holdout_subsample,2600,1200
C1_KNN,F1_color,KNN,10,10,0.3430768747179195,,"{""model__metric"": ""manhattan"", ""model__n_neighbors"": 9, ""model__weights"": ""distance"", ""prep"": ""Normalizer""}",train_internal_holdout_subsample,2600,1200
C1_LogisticRegression,F1_color,LogisticRegression,1,1,0.4627816071085173,0.0015099133880728964,"{""model__C"": 3.0, ""model__class_weight"": null, ""prep"": ""MinMaxScaler""}",stratified_3fold_cv,,
C1_LogisticRegression,F1_color,LogisticRegression,2,2,0.4558483411957237,0.00295759256551213,"{""model__C"": 3.0, ""model__class_weight"": ""balanced"", ""prep"": ""MinMaxScaler""}",stratified_3fold_cv,,
C1_LogisticRegression,F1_color,LogisticRegression,3,3,0.44883419373643135,0.009809571456682115,"{""model__C"": 0.1, ""model__class_weight"": null, ""prep"": ""StandardScaler""}",stratified_3fold_cv,,
C1_LogisticRegression,F1_color,LogisticRegression,4,4,0.43879630163234334,0.007510684995023409,"{""model__C"": 0.3, ""model__class_weight"": null, ""prep"": ""StandardScaler""}",stratified_3fold_cv,,
C1_LogisticRegression,F1_color,LogisticRegression,5,5,0.4282335664118155,0.0071626255637652425,"{""model__C"": 1.0, ""model__class_weight"": null, ""prep"": ""RobustScaler""}",stratified_3fold_cv,,
C1_LogisticRegression,F1_color,LogisticRegression,6,6,0.4275151076037071,0.007294509512249911,"{""model__C"": 0.3, ""model__class_weight"": null, ""prep"": ""RobustScaler""}",stratified_3fold_cv,,
C1_LogisticRegression,F1_color,LogisticRegression,7,7,0.4249608396868613,0.007216264458258338,"{""model__C"": 3.0, ""model__class_weight"": null, ""prep"": ""RobustScaler""}",stratified_3fold_cv,,
C1_LogisticRegression,F1_color,LogisticRegression,8,8,0.42384806277993475,0.010005836976430314,"{""model__C"": 0.03, ""model__class_weight"": ""balanced"", ""prep"": ""RobustScaler""}",stratified_3fold_cv,,
C1_LogisticRegression,F1_color,LogisticRegression,9,9,0.4128692441142669,0.000859598951108344,"{""model__C"": 3.0, ""model__class_weight"": ""balanced"", ""prep"": ""StandardScaler""}",stratified_3fold_cv,,
C1_LogisticRegression,F1_color,LogisticRegression,10,10,0.4004293600373283,0.0025953403879058093,"{""model__C"": 10.0, ""model__class_weight"": null, ""prep"": ""StandardScaler""}",stratified_3fold_cv,,
C3_LogisticRegression,F3_hog,LogisticRegression,1,1,0.4894352800590678,0.0009205873150078049,"{""model__C"": 0.1, ""model__class_weight"": null, ""prep"": ""MinMaxScaler""}",stratified_3fold_cv,,
C3_LogisticRegression,F3_hog,LogisticRegression,2,2,0.46833397886395794,0.00784034915170593,"{""model__C"": 0.03, ""model__class_weight"": ""balanced"", ""prep"": ""RobustScaler""}",stratified_3fold_cv,,
C3_LogisticRegression,F3_hog,LogisticRegression,3,3,0.4400365061631306,0.00935311330550224,"{""model__C"": 3.0, ""model__class_weight"": null, ""prep"": ""MinMaxScaler""}",stratified_3fold_cv,,
C3_LogisticRegression,F3_hog,LogisticRegression,4,4,0.43935126664776747,0.008414068433417682,"{""model__C"": 3.0, ""model__class_weight"": ""balanced"", ""prep"": ""MinMaxScaler""}",stratified_3fold_cv,,
C3_LogisticRegression,F3_hog,LogisticRegression,5,5,0.4352348464619816,0.009536468331352499,"{""model__C"": 0.1, ""model__class_weight"": null, ""prep"": ""StandardScaler""}",stratified_3fold_cv,,
C3_LogisticRegression,F3_hog,LogisticRegression,6,6,0.42522325054690957,0.010540275740100635,"{""model__C"": 0.3, ""model__class_weight"": null, ""prep"": ""RobustScaler""}",stratified_3fold_cv,,
C3_LogisticRegression,F3_hog,LogisticRegression,7,7,0.42067534160703723,0.007505134335113147,"{""model__C"": 0.3, ""model__class_weight"": null, ""prep"": ""StandardScaler""}",stratified_3fold_cv,,
C3_LogisticRegression,F3_hog,LogisticRegression,8,8,0.41343945553259354,0.008172489646431892,"{""model__C"": 1.0, ""model__class_weight"": null, ""prep"": ""RobustScaler""}",stratified_3fold_cv,,
C3_LogisticRegression,F3_hog,LogisticRegression,9,9,0.41286545337073327,0.007572445673570625,"{""model__C"": 3.0, ""model__class_weight"": ""balanced"", ""prep"": ""StandardScaler""}",stratified_3fold_cv,,
C3_LogisticRegression,F3_hog,LogisticRegression,10,10,0.4085637968466651,0.007200883222812296,"{""model__C"": 3.0, ""model__class_weight"": null, ""prep"": ""RobustScaler""}",stratified_3fold_cv,,
C6_LogisticRegression,F6_bof,LogisticRegression,1,1,0.4181690887440899,0.004539940902831635,"{""model__C"": 0.03, ""model__class_weight"": null, ""prep"": ""StandardScaler""}",stratified_3fold_cv,,
C6_LogisticRegression,F6_bof,LogisticRegression,2,2,0.4140327346753154,0.004480856651459944,"{""model__C"": 30.0, ""model__class_weight"": null, ""prep"": ""MinMaxScaler""}",stratified_3fold_cv,,
C6_LogisticRegression,F6_bof,LogisticRegression,3,3,0.4093199638526488,0.007866281209733164,"{""model__C"": 0.03, ""model__class_weight"": ""balanced"", ""prep"": ""RobustScaler""}",stratified_3fold_cv,,
C6_LogisticRegression,F6_bof,LogisticRegression,4,4,0.40663629232836723,0.004971479215989476,"{""model__C"": 3.0, ""model__class_weight"": null, ""prep"": ""RobustScaler""}",stratified_3fold_cv,,
C6_LogisticRegression,F6_bof,LogisticRegression,5,5,0.40456121769116127,0.009100414194982061,"{""model__C"": 0.1, ""model__class_weight"": ""balanced"", ""prep"": ""RobustScaler""}",stratified_3fold_cv,,
C6_LogisticRegression,F6_bof,LogisticRegression,6,6,0.40422168037302214,0.004965075245021142,"{""model__C"": 0.3, ""model__class_weight"": null, ""prep"": ""Normalizer""}",stratified_3fold_cv,,
C6_LogisticRegression,F6_bof,LogisticRegression,7,7,0.4035735124286008,0.00918459833541207,"{""model__C"": 0.1, ""model__class_weight"": ""balanced"", ""prep"": ""StandardScaler""}",stratified_3fold_cv,,
C6_LogisticRegression,F6_bof,LogisticRegression,8,8,0.4031313493609039,0.000572486742411609,"{""model__C"": 1.0, ""model__class_weight"": null, ""prep"": ""MinMaxScaler""}",stratified_3fold_cv,,
C6_LogisticRegression,F6_bof,LogisticRegression,9,9,0.40199805101740466,0.011818130987805289,"{""model__C"": 30.0, ""model__class_weight"": ""balanced"", ""prep"": ""MinMaxScaler""}",stratified_3fold_cv,,
C6_LogisticRegression,F6_bof,LogisticRegression,10,10,0.39932596376817986,0.009492860710159846,"{""model__C"": 10.0, ""model__class_weight"": ""balanced"", ""prep"": ""StandardScaler""}",stratified_3fold_cv,,
C1_DecisionTree,F1_color,DecisionTree,1,1,0.41508821204942875,0.010203106657099874,"{""ccp_alpha"": 0.0001, ""class_weight"": null, ""criterion"": ""gini"", ""max_depth"": 12, ""max_features"": 0.5, ""min_samples_leaf"": 20, ""min_samples_split"": 2}",stratified_3fold_cv,,
C1_DecisionTree,F1_color,DecisionTree,2,2,0.40743779797472196,0.01718881054813523,"{""ccp_alpha"": 0.0, ""class_weight"": null, ""criterion"": ""gini"", ""max_depth"": 16, ""max_features"": 0.5, ""min_samples_leaf"": 10, ""min_samples_split"": 5}",stratified_3fold_cv,,
C1_DecisionTree,F1_color,DecisionTree,3,3,0.40398959259876116,0.00822846357237956,"{""ccp_alpha"": 0.001, ""class_weight"": null, ""criterion"": ""entropy"", ""max_depth"": 16, ""max_features"": null, ""min_samples_leaf"": 1, ""min_samples_split"": 50}",stratified_3fold_cv,,
C1_DecisionTree,F1_color,DecisionTree,4,4,0.4019428874304811,0.003339075980693953,"{""ccp_alpha"": 0.0001, ""class_weight"": null, ""criterion"": ""entropy"", ""max_depth"": 16, ""max_features"": null, ""min_samples_leaf"": 40, ""min_samples_split"": 2}",stratified_3fold_cv,,
C1_DecisionTree,F1_color,DecisionTree,5,5,0.3934137163378635,0.011892822756224854,"{""ccp_alpha"": 0.001, ""class_weight"": ""balanced"", ""criterion"": ""gini"", ""max_depth"": null, ""max_features"": 0.5, ""min_samples_leaf"": 2, ""min_samples_split"": 20}",stratified_3fold_cv,,
C1_DecisionTree,F1_color,DecisionTree,6,6,0.3927213218763874,0.008326417043160369,"{""ccp_alpha"": 0.0001, ""class_weight"": null, ""criterion"": ""gini"", ""max_depth"": 30, ""max_features"": 0.5, ""min_samples_leaf"": 1, ""min_samples_split"": 50}",stratified_3fold_cv,,
C1_DecisionTree,F1_color,DecisionTree,7,7,0.3899176976104107,0.007109875262628325,"{""ccp_alpha"": 0.001, ""class_weight"": null, ""criterion"": ""entropy"", ""max_depth"": 30, ""max_features"": 0.5, ""min_samples_leaf"": 40, ""min_samples_split"": 5}",stratified_3fold_cv,,
C1_DecisionTree,F1_color,DecisionTree,8,8,0.38475795855050593,0.005595287235792423,"{""ccp_alpha"": 0.001, ""class_weight"": ""balanced"", ""criterion"": ""log_loss"", ""max_depth"": 8, ""max_features"": null, ""min_samples_leaf"": 20, ""min_samples_split"": 20}",stratified_3fold_cv,,
C1_DecisionTree,F1_color,DecisionTree,9,9,0.3707797158112096,0.00972333300170845,"{""ccp_alpha"": 0.0, ""class_weight"": ""balanced"", ""criterion"": ""log_loss"", ""max_depth"": 8, ""max_features"": 0.5, ""min_samples_leaf"": 10, ""min_samples_split"": 5}",stratified_3fold_cv,,
C1_DecisionTree,F1_color,DecisionTree,10,10,0.34862517551456995,0.009013501029358132,"{""ccp_alpha"": 0.0001, ""class_weight"": null, ""criterion"": ""gini"", ""max_depth"": 20, ""max_features"": ""sqrt"", ""min_samples_leaf"": 40, ""min_samples_split"": 20}",stratified_3fold_cv,,
C1_LinearSVM_SGD,F1_color,LinearSVM_SGD,1,1,0.4315590330397085,0.006947081838541422,"{""model__alpha"": 0.001, ""model__class_weight"": ""balanced"", ""model__loss"": ""hinge"", ""model__penalty"": ""l2"", ""prep"": ""StandardScaler""}",stratified_3fold_cv,,
C1_LinearSVM_SGD,F1_color,LinearSVM_SGD,2,2,0.40584909710466227,0.01069201851867143,"{""model__alpha"": 3e-05, ""model__class_weight"": null, ""model__loss"": ""hinge"", ""model__penalty"": ""l2"", ""prep"": ""StandardScaler""}",stratified_3fold_cv,,
C1_LinearSVM_SGD,F1_color,LinearSVM_SGD,3,3,0.288985835821951,0.003555306802086001,"{""model__alpha"": 0.0003, ""model__class_weight"": ""balanced"", ""model__loss"": ""hinge"", ""model__penalty"": ""l2"", ""prep"": ""RobustScaler""}",stratified_3fold_cv,,
C1_LinearSVM_SGD,F1_color,LinearSVM_SGD,4,4,0.27274564074542573,0.006354190835782811,"{""model__alpha"": 0.001, ""model__class_weight"": null, ""model__loss"": ""hinge"", ""model__penalty"": ""l2"", ""prep"": ""RobustScaler""}",stratified_3fold_cv,,
C1_LinearSVM_SGD,F1_color,LinearSVM_SGD,5,5,0.2707760510582388,0.016245059687547588,"{""model__alpha"": 0.0001, ""model__class_weight"": null, ""model__loss"": ""hinge"", ""model__penalty"": ""l2"", ""prep"": ""RobustScaler""}",stratified_3fold_cv,,
C1_LinearSVM_SGD,F1_color,LinearSVM_SGD,6,6,0.26109204472639447,0.006216462343188966,"{""model__alpha"": 3e-05, ""model__class_weight"": null, ""model__loss"": ""hinge"", ""model__penalty"": ""l2"", ""prep"": ""RobustScaler""}",stratified_3fold_cv,,
C0_KNN,F0_pixels_gray,KNN,1,1,0.3457967143008393,,"{""model__metric"": ""manhattan"", ""model__n_neighbors"": 1, ""model__weights"": ""uniform"", ""prep"": ""RobustScaler""}",train_internal_holdout_subsample,2600,1200
C0_KNN,F0_pixels_gray,KNN,2,2,0.3417724207946283,,"{""model__metric"": ""manhattan"", ""model__n_neighbors"": 9, ""model__weights"": ""distance"", ""prep"": ""Normalizer""}",train_internal_holdout_subsample,2600,1200
C0_KNN,F0_pixels_gray,KNN,3,3,0.332853022837456,,"{""model__metric"": ""cosine"", ""model__n_neighbors"": 21, ""model__weights"": ""distance"", ""prep"": ""RobustScaler""}",train_internal_holdout_subsample,2600,1200
C0_KNN,F0_pixels_gray,KNN,4,4,0.3326979881724163,,"{""model__metric"": ""cosine"", ""model__n_neighbors"": 9, ""model__weights"": ""uniform"", ""prep"": ""RobustScaler""}",train_internal_holdout_subsample,2600,1200
C0_KNN,F0_pixels_gray,KNN,5,5,0.32201193685021795,,"{""model__metric"": ""manhattan"", ""model__n_neighbors"": 31, ""model__weights"": ""uniform"", ""prep"": ""MinMaxScaler""}",train_internal_holdout_subsample,2600,1200
C0_KNN,F0_pixels_gray,KNN,6,6,0.32077100877093623,,"{""model__metric"": ""cosine"", ""model__n_neighbors"": 31, ""model__weights"": ""distance"", ""prep"": ""RobustScaler""}",train_internal_holdout_subsample,2600,1200
C0_KNN,F0_pixels_gray,KNN,7,7,0.3189569497586856,,"{""model__metric"": ""euclidean"", ""model__n_neighbors"": 7, ""model__weights"": ""distance"", ""prep"": ""MinMaxScaler""}",train_internal_holdout_subsample,2600,1200
C0_KNN,F0_pixels_gray,KNN,8,8,0.31852311302974884,,"{""model__metric"": ""cosine"", ""model__n_neighbors"": 3, ""model__weights"": ""distance"", ""prep"": ""Normalizer""}",train_internal_holdout_subsample,2600,1200
C0_KNN,F0_pixels_gray,KNN,9,9,0.31319569049862983,,"{""model__metric"": ""euclidean"", ""model__n_neighbors"": 3, ""model__weights"": ""distance"", ""prep"": ""Normalizer""}",train_internal_holdout_subsample,2600,1200
C0_KNN,F0_pixels_gray,KNN,10,10,0.3089366638525347,,"{""model__metric"": ""cosine"", ""model__n_neighbors"": 9, ""model__weights"": ""distance"", ""prep"": ""MinMaxScaler""}",train_internal_holdout_subsample,2600,1200
C5_LogisticRegression,F5_gist,LogisticRegression,1,1,0.3729396084295014,0.008047012215854911,"{""model__C"": 3.0, ""model__class_weight"": ""balanced"", ""prep"": ""StandardScaler""}",stratified_3fold_cv,,
C5_LogisticRegression,F5_gist,LogisticRegression,2,2,0.3729052763953375,0.008011109382090103,"{""model__C"": 30.0, ""model__class_weight"": ""balanced"", ""prep"": ""StandardScaler""}",stratified_3fold_cv,,
C5_LogisticRegression,F5_gist,LogisticRegression,3,3,0.37063334020264255,0.00800661152921587,"{""model__C"": 3.0, ""model__class_weight"": ""balanced"", ""prep"": ""MinMaxScaler""}",stratified_3fold_cv,,
C5_LogisticRegression,F5_gist,LogisticRegression,4,4,0.37001918353187185,0.006295475607838402,"{""model__C"": 0.03, ""model__class_weight"": ""balanced"", ""prep"": ""RobustScaler""}",stratified_3fold_cv,,
C5_LogisticRegression,F5_gist,LogisticRegression,5,5,0.36907873564713684,0.009117069078514698,"{""model__C"": 0.3, ""model__class_weight"": null, ""prep"": ""StandardScaler""}",stratified_3fold_cv,,
C5_LogisticRegression,F5_gist,LogisticRegression,6,6,0.368369115417097,0.00811480397593324,"{""model__C"": 0.3, ""model__class_weight"": null, ""prep"": ""RobustScaler""}",stratified_3fold_cv,,
C5_LogisticRegression,F5_gist,LogisticRegression,7,7,0.36834470491939975,0.00790473813264498,"{""model__C"": 0.1, ""model__class_weight"": null, ""prep"": ""StandardScaler""}",stratified_3fold_cv,,
C5_LogisticRegression,F5_gist,LogisticRegression,8,8,0.3682493585723406,0.008114925540986015,"{""model__C"": 10.0, ""model__class_weight"": null, ""prep"": ""StandardScaler""}",stratified_3fold_cv,,
C5_LogisticRegression,F5_gist,LogisticRegression,9,9,0.3681084483196473,0.00912036677275036,"{""model__C"": 1.0, ""model__class_weight"": null, ""prep"": ""RobustScaler""}",stratified_3fold_cv,,
C5_LogisticRegression,F5_gist,LogisticRegression,10,10,0.3679343403355975,0.008621322699177696,"{""model__C"": 3.0, ""model__class_weight"": null, ""prep"": ""RobustScaler""}",stratified_3fold_cv,,
C2_DecisionTree,F2_texture,DecisionTree,1,1,0.3805960114263162,0.01336063766790838,"{""ccp_alpha"": 0.0001, ""class_weight"": null, ""criterion"": ""gini"", ""max_depth"": 12, ""max_features"": 0.5, ""min_samples_leaf"": 20, ""min_samples_split"": 2}",stratified_3fold_cv,,
C2_DecisionTree,F2_texture,DecisionTree,2,2,0.37444319466720116,0.011960718218666405,"{""ccp_alpha"": 0.001, ""class_weight"": null, ""criterion"": ""entropy"", ""max_depth"": 16, ""max_features"": null, ""min_samples_leaf"": 1, ""min_samples_split"": 50}",stratified_3fold_cv,,
C2_DecisionTree,F2_texture,DecisionTree,3,3,0.3726759808689371,0.012294192827978903,"{""ccp_alpha"": 0.0001, ""class_weight"": null, ""criterion"": ""gini"", ""max_depth"": 30, ""max_features"": 0.5, ""min_samples_leaf"": 1, ""min_samples_split"": 50}",stratified_3fold_cv,,
C2_DecisionTree,F2_texture,DecisionTree,4,4,0.36930407829447115,0.011473354998761433,"{""ccp_alpha"": 0.0, ""class_weight"": null, ""criterion"": ""gini"", ""max_depth"": 16, ""max_features"": 0.5, ""min_samples_leaf"": 10, ""min_samples_split"": 5}",stratified_3fold_cv,,
C2_DecisionTree,F2_texture,DecisionTree,5,5,0.36668938788929467,0.010845540834997922,"{""ccp_alpha"": 0.001, ""class_weight"": null, ""criterion"": ""entropy"", ""max_depth"": 30, ""max_features"": 0.5, ""min_samples_leaf"": 40, ""min_samples_split"": 5}",stratified_3fold_cv,,
C2_DecisionTree,F2_texture,DecisionTree,6,6,0.3600609431854707,0.00957443250929716,"{""ccp_alpha"": 0.0001, ""class_weight"": null, ""criterion"": ""entropy"", ""max_depth"": 16, ""max_features"": null, ""min_samples_leaf"": 40, ""min_samples_split"": 2}",stratified_3fold_cv,,
C2_DecisionTree,F2_texture,DecisionTree,7,7,0.3567185688326336,0.009858240312286246,"{""ccp_alpha"": 0.0001, ""class_weight"": null, ""criterion"": ""log_loss"", ""max_depth"": 20, ""max_features"": ""log2"", ""min_samples_leaf"": 5, ""min_samples_split"": 2}",stratified_3fold_cv,,
C2_DecisionTree,F2_texture,DecisionTree,8,8,0.3551398959900011,0.009411773387790907,"{""ccp_alpha"": 0.001, ""class_weight"": ""balanced"", ""criterion"": ""gini"", ""max_depth"": null, ""max_features"": 0.5, ""min_samples_leaf"": 2, ""min_samples_split"": 20}",stratified_3fold_cv,,
C2_DecisionTree,F2_texture,DecisionTree,9,9,0.355097209260653,0.010219897665363223,"{""ccp_alpha"": 0.0001, ""class_weight"": null, ""criterion"": ""gini"", ""max_depth"": 8, ""max_features"": ""sqrt"", ""min_samples_leaf"": 1, ""min_samples_split"": 5}",stratified_3fold_cv,,
C2_DecisionTree,F2_texture,DecisionTree,10,10,0.34842182513484715,0.013925270212823426,"{""ccp_alpha"": 0.001, ""class_weight"": null, ""criterion"": ""entropy"", ""max_depth"": 16, ""max_features"": ""log2"", ""min_samples_leaf"": 20, ""min_samples_split"": 20}",stratified_3fold_cv,,
C6_KNN,F6_bof,KNN,1,1,0.3999585148246869,,"{""model__metric"": ""cosine"", ""model__n_neighbors"": 31, ""model__weights"": ""distance"", ""prep"": ""RobustScaler""}",train_internal_holdout,6435,2146
C6_KNN,F6_bof,KNN,2,2,0.3960604012449972,,"{""model__metric"": ""cosine"", ""model__n_neighbors"": 21, ""model__weights"": ""distance"", ""prep"": ""RobustScaler""}",train_internal_holdout,6435,2146
C6_KNN,F6_bof,KNN,3,3,0.3918023660525417,,"{""model__metric"": ""cosine"", ""model__n_neighbors"": 21, ""model__weights"": ""uniform"", ""prep"": ""RobustScaler""}",train_internal_holdout,6435,2146
C6_KNN,F6_bof,KNN,4,4,0.38255634899715285,,"{""model__metric"": ""manhattan"", ""model__n_neighbors"": 9, ""model__weights"": ""distance"", ""prep"": ""Normalizer""}",train_internal_holdout,6435,2146
C6_KNN,F6_bof,KNN,5,5,0.376361102146729,,"{""model__metric"": ""cosine"", ""model__n_neighbors"": 9, ""model__weights"": ""uniform"", ""prep"": ""RobustScaler""}",train_internal_holdout,6435,2146
C6_KNN,F6_bof,KNN,6,6,0.37493870863179496,,"{""model__metric"": ""manhattan"", ""model__n_neighbors"": 31, ""model__weights"": ""uniform"", ""prep"": ""Normalizer""}",train_internal_holdout,6435,2146
C6_KNN,F6_bof,KNN,7,7,0.3722165892355684,,"{""model__metric"": ""manhattan"", ""model__n_neighbors"": 31, ""model__weights"": ""uniform"", ""prep"": ""MinMaxScaler""}",train_internal_holdout,6435,2146
C6_KNN,F6_bof,KNN,8,8,0.3609184325862818,,"{""model__metric"": ""cosine"", ""model__n_neighbors"": 3, ""model__weights"": ""distance"", ""prep"": ""Normalizer""}",train_internal_holdout,6435,2146
C6_KNN,F6_bof,KNN,9,9,0.3596069810076071,,"{""model__metric"": ""cosine"", ""model__n_neighbors"": 11, ""model__weights"": ""distance"", ""prep"": ""MinMaxScaler""}",train_internal_holdout,6435,2146
C6_KNN,F6_bof,KNN,10,10,0.35857180400236394,,"{""model__metric"": ""euclidean"", ""model__n_neighbors"": 3, ""model__weights"": ""distance"", ""prep"": ""Normalizer""}",train_internal_holdout,6435,2146
