trial_id,candidate_id,model,combo_label,feature_ids,feature_dim,trial_index,inner_train_samples,inner_validation_samples,inner_macro_f1,inner_macro_precision,inner_macro_recall,inner_weighted_f1,inner_minority_recall_mean,fit_seconds,predict_seconds,best_iteration,sample_weight_mode,params,warnings
LGBM_A_C11_full__trial_01,LGBM_A_C11_full,LightGBM,A_C11_full,F1_color+F2_texture+F4_shape+F5_gist+F3_hog+F6_bof,3147,1,4200,1400,0.7359692792,0.7698052597,0.7207760767,0.7506540179,0.6615280595,121.9529,0.1708,374,,"{""colsample_bytree"": 0.75, ""learning_rate"": 0.05, ""max_depth"": -1, ""min_child_samples"": 20, ""n_estimators"": 460, ""num_leaves"": 31, ""reg_alpha"": 0.0, ""reg_lambda"": 1.0, ""sample_weight_mode"": null, ""subsample"": 0.85}",
LGBM_A_C11_full__trial_02,LGBM_A_C11_full,LightGBM,A_C11_full,F1_color+F2_texture+F4_shape+F5_gist+F3_hog+F6_bof,3147,2,4200,1400,0.7293248825,0.7539908328,0.7169262917,0.7446754931,0.6614294568,64.8193,0.077,316,,"{""colsample_bytree"": 0.75, ""learning_rate"": 0.07, ""max_depth"": 6, ""min_child_samples"": 20, ""n_estimators"": 800, ""num_leaves"": 31, ""reg_alpha"": 0.5, ""reg_lambda"": 2.0, ""sample_weight_mode"": null, ""subsample"": 1.0}",
LGBM_A_C11_full__trial_03,LGBM_A_C11_full,LightGBM,A_C11_full,F1_color+F2_texture+F4_shape+F5_gist+F3_hog+F6_bof,3147,3,4200,1400,0.7500661092,0.7664762413,0.7407450302,0.7601229262,0.7186584404,118.2951,0.1486,460,balanced,"{""colsample_bytree"": 0.9, ""learning_rate"": 0.03, ""max_depth"": 6, ""min_child_samples"": 80, ""n_estimators"": 460, ""num_leaves"": 95, ""reg_alpha"": 0.5, ""reg_lambda"": 1.0, ""sample_weight_mode"": ""balanced"", ""subsample"": 1.0}",
LGBM_A_C11_full__trial_04,LGBM_A_C11_full,LightGBM,A_C11_full,F1_color+F2_texture+F4_shape+F5_gist+F3_hog+F6_bof,3147,4,4200,1400,0.7458541712,0.7619241233,0.7366532934,0.7554698056,0.7189936894,79.5694,0.1058,288,balanced,"{""colsample_bytree"": 0.75, ""learning_rate"": 0.07, ""max_depth"": 10, ""min_child_samples"": 40, ""n_estimators"": 650, ""num_leaves"": 15, ""reg_alpha"": 0.1, ""reg_lambda"": 0.5, ""sample_weight_mode"": ""balanced"", ""subsample"": 0.85}",
LGBM_A_C11_full__trial_05,LGBM_A_C11_full,LightGBM,A_C11_full,F1_color+F2_texture+F4_shape+F5_gist+F3_hog+F6_bof,3147,5,4200,1400,0.7185551286,0.7467820684,0.7074647167,0.7347291357,0.6543216137,64.3221,0.0446,226,,"{""colsample_bytree"": 1.0, ""learning_rate"": 0.07, ""max_depth"": 6, ""min_child_samples"": 10, ""n_estimators"": 800, ""num_leaves"": 95, ""reg_alpha"": 0.5, ""reg_lambda"": 0.5, ""sample_weight_mode"": null, ""subsample"": 1.0}",
LGBM_A_C11_full__trial_06,LGBM_A_C11_full,LightGBM,A_C11_full,F1_color+F2_texture+F4_shape+F5_gist+F3_hog+F6_bof,3147,6,4200,1400,0.7470119901,0.7647085867,0.7375903912,0.7558223625,0.7231603561,79.1238,0.1119,320,balanced,"{""colsample_bytree"": 0.75, ""learning_rate"": 0.07, ""max_depth"": 6, ""min_child_samples"": 10, ""n_estimators"": 320, ""num_leaves"": 15, ""reg_alpha"": 0.5, ""reg_lambda"": 5.0, ""sample_weight_mode"": ""balanced"", ""subsample"": 1.0}",
LGBM_B_no_shape__trial_01,LGBM_B_no_shape,LightGBM,B_no_shape,F3_hog+F1_color+F2_texture+F5_gist+F6_bof,3135,1,4200,1400,0.735335559,0.7682611476,0.7206218579,0.7493617538,0.6661511156,132.9771,0.2179,358,,"{""colsample_bytree"": 0.75, ""learning_rate"": 0.05, ""max_depth"": -1, ""min_child_samples"": 20, ""n_estimators"": 460, ""num_leaves"": 31, ""reg_alpha"": 0.0, ""reg_lambda"": 1.0, ""sample_weight_mode"": null, ""subsample"": 0.85}",
LGBM_B_no_shape__trial_02,LGBM_B_no_shape,LightGBM,B_no_shape,F3_hog+F1_color+F2_texture+F5_gist+F6_bof,3135,2,4200,1400,0.7242268792,0.7454852543,0.7130561564,0.7380982769,0.6670582601,62.1413,0.0961,315,,"{""colsample_bytree"": 0.75, ""learning_rate"": 0.07, ""max_depth"": 6, ""min_child_samples"": 20, ""n_estimators"": 800, ""num_leaves"": 31, ""reg_alpha"": 0.5, ""reg_lambda"": 2.0, ""sample_weight_mode"": null, ""subsample"": 1.0}",
LGBM_B_no_shape__trial_03,LGBM_B_no_shape,LightGBM,B_no_shape,F3_hog+F1_color+F2_texture+F5_gist+F6_bof,3135,3,4200,1400,0.7519813642,0.7665289146,0.7445092274,0.7637132982,0.7220334686,114.3493,0.1179,460,balanced,"{""colsample_bytree"": 0.9, ""learning_rate"": 0.03, ""max_depth"": 6, ""min_child_samples"": 80, ""n_estimators"": 460, ""num_leaves"": 95, ""reg_alpha"": 0.5, ""reg_lambda"": 1.0, ""sample_weight_mode"": ""balanced"", ""subsample"": 1.0}",
LGBM_B_no_shape__trial_04,LGBM_B_no_shape,LightGBM,B_no_shape,F3_hog+F1_color+F2_texture+F5_gist+F6_bof,3135,4,4200,1400,0.7405457379,0.7577348774,0.7310597633,0.7536139746,0.6993858463,76.4089,0.0945,286,balanced,"{""colsample_bytree"": 0.75, ""learning_rate"": 0.07, ""max_depth"": 10, ""min_child_samples"": 40, ""n_estimators"": 650, ""num_leaves"": 15, ""reg_alpha"": 0.1, ""reg_lambda"": 0.5, ""sample_weight_mode"": ""balanced"", ""subsample"": 0.85}",
LGBM_B_no_shape__trial_05,LGBM_B_no_shape,LightGBM,B_no_shape,F3_hog+F1_color+F2_texture+F5_gist+F6_bof,3135,5,4200,1400,0.7148961694,0.7468183986,0.7032520295,0.736323853,0.6270509353,62.1851,0.0882,228,,"{""colsample_bytree"": 1.0, ""learning_rate"": 0.07, ""max_depth"": 6, ""min_child_samples"": 10, ""n_estimators"": 800, ""num_leaves"": 95, ""reg_alpha"": 0.5, ""reg_lambda"": 0.5, ""sample_weight_mode"": null, ""subsample"": 1.0}",
LGBM_B_no_shape__trial_06,LGBM_B_no_shape,LightGBM,B_no_shape,F3_hog+F1_color+F2_texture+F5_gist+F6_bof,3135,6,4200,1400,0.7478055814,0.7636612732,0.7394215652,0.7588292588,0.7178668019,77.4087,0.1071,320,balanced,"{""colsample_bytree"": 0.75, ""learning_rate"": 0.07, ""max_depth"": 6, ""min_child_samples"": 10, ""n_estimators"": 320, ""num_leaves"": 15, ""reg_alpha"": 0.5, ""reg_lambda"": 5.0, ""sample_weight_mode"": ""balanced"", ""subsample"": 1.0}",
LGBM_C_hog_color_texture__trial_01,LGBM_C_hog_color_texture,LightGBM,C_hog_color_texture,F3_hog+F1_color+F2_texture,2815,1,4200,1400,0.7227308344,0.7454672925,0.7111232469,0.7319884203,0.6899256254,103.6023,0.1506,277,,"{""colsample_bytree"": 0.75, ""learning_rate"": 0.05, ""max_depth"": -1, ""min_child_samples"": 20, ""n_estimators"": 460, ""num_leaves"": 31, ""reg_alpha"": 0.0, ""reg_lambda"": 1.0, ""sample_weight_mode"": null, ""subsample"": 0.85}",
LGBM_C_hog_color_texture__trial_02,LGBM_C_hog_color_texture,LightGBM,C_hog_color_texture,F3_hog+F1_color+F2_texture,2815,2,4200,1400,0.7185723959,0.7406952781,0.7084840981,0.7314181834,0.6824825332,55.2276,0.0498,274,,"{""colsample_bytree"": 0.75, ""learning_rate"": 0.07, ""max_depth"": 6, ""min_child_samples"": 20, ""n_estimators"": 800, ""num_leaves"": 31, ""reg_alpha"": 0.5, ""reg_lambda"": 2.0, ""sample_weight_mode"": null, ""subsample"": 1.0}",
LGBM_C_hog_color_texture__trial_03,LGBM_C_hog_color_texture,LightGBM,C_hog_color_texture,F3_hog+F1_color+F2_texture,2815,3,4200,1400,0.719600049,0.7283272772,0.7171506226,0.731684709,0.7154975208,103.1255,0.1255,460,balanced,"{""colsample_bytree"": 0.9, ""learning_rate"": 0.03, ""max_depth"": 6, ""min_child_samples"": 80, ""n_estimators"": 460, ""num_leaves"": 95, ""reg_alpha"": 0.5, ""reg_lambda"": 1.0, ""sample_weight_mode"": ""balanced"", ""subsample"": 1.0}",
LGBM_C_hog_color_texture__trial_04,LGBM_C_hog_color_texture,LightGBM,C_hog_color_texture,F3_hog+F1_color+F2_texture,2815,4,4200,1400,0.722697906,0.7406428139,0.7132998332,0.7335015635,0.6891339869,56.7401,0.081,192,balanced,"{""colsample_bytree"": 0.75, ""learning_rate"": 0.07, ""max_depth"": 10, ""min_child_samples"": 40, ""n_estimators"": 650, ""num_leaves"": 15, ""reg_alpha"": 0.1, ""reg_lambda"": 0.5, ""sample_weight_mode"": ""balanced"", ""subsample"": 0.85}",
LGBM_C_hog_color_texture__trial_05,LGBM_C_hog_color_texture,LightGBM,C_hog_color_texture,F3_hog+F1_color+F2_texture,2815,5,4200,1400,0.7061785436,0.7269029269,0.6972480596,0.7186004901,0.6822627902,56.9906,0.0566,221,,"{""colsample_bytree"": 1.0, ""learning_rate"": 0.07, ""max_depth"": 6, ""min_child_samples"": 10, ""n_estimators"": 800, ""num_leaves"": 95, ""reg_alpha"": 0.5, ""reg_lambda"": 0.5, ""sample_weight_mode"": null, ""subsample"": 1.0}",
LGBM_C_hog_color_texture__trial_06,LGBM_C_hog_color_texture,LightGBM,C_hog_color_texture,F3_hog+F1_color+F2_texture,2815,6,4200,1400,0.7213897318,0.7277768753,0.7180506434,0.7331634013,0.7053668019,69.718,0.096,320,balanced,"{""colsample_bytree"": 0.75, ""learning_rate"": 0.07, ""max_depth"": 6, ""min_child_samples"": 10, ""n_estimators"": 320, ""num_leaves"": 15, ""reg_alpha"": 0.5, ""reg_lambda"": 5.0, ""sample_weight_mode"": ""balanced"", ""subsample"": 1.0}",
LGBM_D_lowdim_color_texture_gist__trial_01,LGBM_D_lowdim_color_texture_gist,LightGBM,D_lowdim_color_texture_gist,F1_color+F2_texture+F5_gist,1115,1,4200,1400,0.7178294414,0.7463782663,0.7039682486,0.7287134215,0.6778594771,31.7756,0.1002,232,,"{""colsample_bytree"": 0.75, ""learning_rate"": 0.05, ""max_depth"": -1, ""min_child_samples"": 20, ""n_estimators"": 460, ""num_leaves"": 31, ""reg_alpha"": 0.0, ""reg_lambda"": 1.0, ""sample_weight_mode"": null, ""subsample"": 0.85}",
LGBM_D_lowdim_color_texture_gist__trial_02,LGBM_D_lowdim_color_texture_gist,LightGBM,D_lowdim_color_texture_gist,F1_color+F2_texture+F5_gist,1115,2,4200,1400,0.71109293,0.7377143699,0.6978380758,0.7229035615,0.6656947262,25.4115,0.0781,308,,"{""colsample_bytree"": 0.75, ""learning_rate"": 0.07, ""max_depth"": 6, ""min_child_samples"": 20, ""n_estimators"": 800, ""num_leaves"": 31, ""reg_alpha"": 0.5, ""reg_lambda"": 2.0, ""sample_weight_mode"": null, ""subsample"": 1.0}",
LGBM_D_lowdim_color_texture_gist__trial_03,LGBM_D_lowdim_color_texture_gist,LightGBM,D_lowdim_color_texture_gist,F1_color+F2_texture+F5_gist,1115,3,4200,1400,0.7152520794,0.7266146424,0.7087101942,0.7267630491,0.6971320712,39.126,0.2133,460,balanced,"{""colsample_bytree"": 0.9, ""learning_rate"": 0.03, ""max_depth"": 6, ""min_child_samples"": 80, ""n_estimators"": 460, ""num_leaves"": 95, ""reg_alpha"": 0.5, ""reg_lambda"": 1.0, ""sample_weight_mode"": ""balanced"", ""subsample"": 1.0}",
LGBM_D_lowdim_color_texture_gist__trial_04,LGBM_D_lowdim_color_texture_gist,LightGBM,D_lowdim_color_texture_gist,F1_color+F2_texture+F5_gist,1115,4,4200,1400,0.7358869509,0.7562565252,0.7230491105,0.7421914979,0.7018706333,26.5741,0.0536,250,balanced,"{""colsample_bytree"": 0.75, ""learning_rate"": 0.07, ""max_depth"": 10, ""min_child_samples"": 40, ""n_estimators"": 650, ""num_leaves"": 15, ""reg_alpha"": 0.1, ""reg_lambda"": 0.5, ""sample_weight_mode"": ""balanced"", ""subsample"": 0.85}",
LGBM_D_lowdim_color_texture_gist__trial_05,LGBM_D_lowdim_color_texture_gist,LightGBM,D_lowdim_color_texture_gist,F1_color+F2_texture+F5_gist,1115,5,4200,1400,0.696241515,0.7221371031,0.6842729378,0.7122525001,0.6362914131,22.753,0.0568,241,,"{""colsample_bytree"": 1.0, ""learning_rate"": 0.07, ""max_depth"": 6, ""min_child_samples"": 10, ""n_estimators"": 800, ""num_leaves"": 95, ""reg_alpha"": 0.5, ""reg_lambda"": 0.5, ""sample_weight_mode"": null, ""subsample"": 1.0}",
LGBM_D_lowdim_color_texture_gist__trial_06,LGBM_D_lowdim_color_texture_gist,LightGBM,D_lowdim_color_texture_gist,F1_color+F2_texture+F5_gist,1115,6,4200,1400,0.7225630026,0.7352733155,0.7153567983,0.7327822246,0.7065922921,25.6148,0.0666,292,balanced,"{""colsample_bytree"": 0.75, ""learning_rate"": 0.07, ""max_depth"": 6, ""min_child_samples"": 10, ""n_estimators"": 320, ""num_leaves"": 15, ""reg_alpha"": 0.5, ""reg_lambda"": 5.0, ""sample_weight_mode"": ""balanced"", ""subsample"": 1.0}",
LGBM_E_no_bof__trial_01,LGBM_E_no_bof,LightGBM,E_no_bof,F1_color+F2_texture+F4_shape+F5_gist+F3_hog,2891,1,4200,1400,0.7208699263,0.7441221881,0.710633359,0.7333666019,0.6837249268,106.6671,0.1603,298,,"{""colsample_bytree"": 0.75, ""learning_rate"": 0.05, ""max_depth"": -1, ""min_child_samples"": 20, ""n_estimators"": 460, ""num_leaves"": 31, ""reg_alpha"": 0.0, ""reg_lambda"": 1.0, ""sample_weight_mode"": null, ""subsample"": 0.85}",
LGBM_E_no_bof__trial_02,LGBM_E_no_bof,LightGBM,E_no_bof,F1_color+F2_texture+F4_shape+F5_gist+F3_hog,2891,2,4200,1400,0.7371597808,0.7615235771,0.7259583731,0.7457832202,0.705921794,56.3035,0.0531,283,,"{""colsample_bytree"": 0.75, ""learning_rate"": 0.07, ""max_depth"": 6, ""min_child_samples"": 20, ""n_estimators"": 800, ""num_leaves"": 31, ""reg_alpha"": 0.5, ""reg_lambda"": 2.0, ""sample_weight_mode"": null, ""subsample"": 1.0}",
LGBM_E_no_bof__trial_03,LGBM_E_no_bof,LightGBM,E_no_bof,F1_color+F2_texture+F4_shape+F5_gist+F3_hog,2891,3,4200,1400,0.7362530538,0.7422187935,0.7339032762,0.7510726036,0.7189936894,104.3252,0.1509,460,balanced,"{""colsample_bytree"": 0.9, ""learning_rate"": 0.03, ""max_depth"": 6, ""min_child_samples"": 80, ""n_estimators"": 460, ""num_leaves"": 95, ""reg_alpha"": 0.5, ""reg_lambda"": 1.0, ""sample_weight_mode"": ""balanced"", ""subsample"": 1.0}",
LGBM_E_no_bof__trial_04,LGBM_E_no_bof,LightGBM,E_no_bof,F1_color+F2_texture+F4_shape+F5_gist+F3_hog,2891,4,4200,1400,0.7429137585,0.7549827192,0.7358244296,0.7550370653,0.7044596574,61.9026,0.0668,212,balanced,"{""colsample_bytree"": 0.75, ""learning_rate"": 0.07, ""max_depth"": 10, ""min_child_samples"": 40, ""n_estimators"": 650, ""num_leaves"": 15, ""reg_alpha"": 0.1, ""reg_lambda"": 0.5, ""sample_weight_mode"": ""balanced"", ""subsample"": 0.85}",
LGBM_E_no_bof__trial_05,LGBM_E_no_bof,LightGBM,E_no_bof,F1_color+F2_texture+F4_shape+F5_gist+F3_hog,2891,5,4200,1400,0.7213240571,0.7410530071,0.710808966,0.7359239861,0.6708896777,56.463,0.0517,215,,"{""colsample_bytree"": 1.0, ""learning_rate"": 0.07, ""max_depth"": 6, ""min_child_samples"": 10, ""n_estimators"": 800, ""num_leaves"": 95, ""reg_alpha"": 0.5, ""reg_lambda"": 0.5, ""sample_weight_mode"": null, ""subsample"": 1.0}",
LGBM_E_no_bof__trial_06,LGBM_E_no_bof,LightGBM,E_no_bof,F1_color+F2_texture+F4_shape+F5_gist+F3_hog,2891,6,4200,1400,0.7268869639,0.733204149,0.7233832839,0.7363907894,0.7222701149,69.6886,0.1044,320,balanced,"{""colsample_bytree"": 0.75, ""learning_rate"": 0.07, ""max_depth"": 6, ""min_child_samples"": 10, ""n_estimators"": 320, ""num_leaves"": 15, ""reg_alpha"": 0.5, ""reg_lambda"": 5.0, ""sample_weight_mode"": ""balanced"", ""subsample"": 1.0}",
XGB_A_C11_full__trial_01,XGB_A_C11_full,XGBoost,A_C11_full,F1_color+F2_texture+F4_shape+F5_gist+F3_hog+F6_bof,3147,1,4200,1400,0.7430292328,0.7726939355,0.7271471623,0.7535665061,0.6830544287,231.8353,0.0219,360,,"{""colsample_bytree"": 0.75, ""gamma"": 0.0, ""learning_rate"": 0.055, ""max_depth"": 5, ""min_child_weight"": 1, ""n_estimators"": 360, ""reg_alpha"": 0.0, ""reg_lambda"": 2.0, ""sample_weight_mode"": null, ""subsample"": 0.85}",
XGB_A_C11_full__trial_02,XGB_A_C11_full,XGBoost,A_C11_full,F1_color+F2_texture+F4_shape+F5_gist+F3_hog+F6_bof,3147,2,4200,1400,0.6938873084,0.6903076442,0.7020795002,0.700838173,0.7437739464,88.9146,0.0112,260,balanced,"{""colsample_bytree"": 0.65, ""gamma"": 0.3, ""learning_rate"": 0.03, ""max_depth"": 3, ""min_child_weight"": 3, ""n_estimators"": 260, ""reg_alpha"": 0.1, ""reg_lambda"": 2.0, ""sample_weight_mode"": ""balanced"", ""subsample"": 0.75}",
XGB_A_C11_full__trial_03,XGB_A_C11_full,XGBoost,A_C11_full,F1_color+F2_texture+F4_shape+F5_gist+F3_hog+F6_bof,3147,3,4200,1400,0.7211986361,0.7573739165,0.7037766127,0.7352403374,0.6421568627,323.01,0.0213,650,,"{""colsample_bytree"": 0.65, ""gamma"": 0.0, ""learning_rate"": 0.03, ""max_depth"": 4, ""min_child_weight"": 1, ""n_estimators"": 650, ""reg_alpha"": 0.5, ""reg_lambda"": 5.0, ""sample_weight_mode"": null, ""subsample"": 1.0}",
XGB_A_C11_full__trial_04,XGB_A_C11_full,XGBoost,A_C11_full,F1_color+F2_texture+F4_shape+F5_gist+F3_hog+F6_bof,3147,4,4200,1400,0.6945880656,0.6909876253,0.7022986905,0.7063255934,0.7277777778,91.78,0.0103,260,balanced,"{""colsample_bytree"": 0.9, ""gamma"": 0.1, ""learning_rate"": 0.03, ""max_depth"": 3, ""min_child_weight"": 5, ""n_estimators"": 260, ""reg_alpha"": 0.1, ""reg_lambda"": 1.0, ""sample_weight_mode"": ""balanced"", ""subsample"": 0.85}",
XGB_B_no_shape__trial_01,XGB_B_no_shape,XGBoost,B_no_shape,F3_hog+F1_color+F2_texture+F5_gist+F6_bof,3135,1,4200,1400,0.7432906504,0.7770965117,0.7279303046,0.7568920133,0.6650242281,233.567,0.0246,360,,"{""colsample_bytree"": 0.75, ""gamma"": 0.0, ""learning_rate"": 0.055, ""max_depth"": 5, ""min_child_weight"": 1, ""n_estimators"": 360, ""reg_alpha"": 0.0, ""reg_lambda"": 2.0, ""sample_weight_mode"": null, ""subsample"": 0.85}",
XGB_B_no_shape__trial_02,XGB_B_no_shape,XGBoost,B_no_shape,F3_hog+F1_color+F2_texture+F5_gist+F6_bof,3135,2,4200,1400,0.6952101492,0.6919173587,0.7026419884,0.7043144762,0.7399425287,83.4315,0.0107,260,balanced,"{""colsample_bytree"": 0.65, ""gamma"": 0.3, ""learning_rate"": 0.03, ""max_depth"": 3, ""min_child_weight"": 3, ""n_estimators"": 260, ""reg_alpha"": 0.1, ""reg_lambda"": 2.0, ""sample_weight_mode"": ""balanced"", ""subsample"": 0.75}",
XGB_B_no_shape__trial_03,XGB_B_no_shape,XGBoost,B_no_shape,F3_hog+F1_color+F2_texture+F5_gist+F6_bof,3135,3,4200,1400,0.7295257422,0.7636238073,0.7123957977,0.7433028931,0.6483575614,323.478,0.0287,650,,"{""colsample_bytree"": 0.65, ""gamma"": 0.0, ""learning_rate"": 0.03, ""max_depth"": 4, ""min_child_weight"": 1, ""n_estimators"": 650, ""reg_alpha"": 0.5, ""reg_lambda"": 5.0, ""sample_weight_mode"": null, ""subsample"": 1.0}",
XGB_B_no_shape__trial_04,XGB_B_no_shape,XGBoost,B_no_shape,F3_hog+F1_color+F2_texture+F5_gist+F6_bof,3135,4,4200,1400,0.6930175088,0.6884148226,0.7011543241,0.7010387208,0.7461432274,100.5097,0.0196,260,balanced,"{""colsample_bytree"": 0.9, ""gamma"": 0.1, ""learning_rate"": 0.03, ""max_depth"": 3, ""min_child_weight"": 5, ""n_estimators"": 260, ""reg_alpha"": 0.1, ""reg_lambda"": 1.0, ""sample_weight_mode"": ""balanced"", ""subsample"": 0.85}",
